Kinase,Score,Rank,Method,Perc,Qrt,group,KinaseFamily,subfamily,hgnc_symbol
SGK1,0,33,PTM-SEA,0,1,AGC,SGK,NA,SGK1
CHEK1,-64.44688518456715,4,PTM-SEA,0.9552238805970149,4,CAMK,CAMKL,CHK1,CHEK1
AURKA,29.902967813889376,22,PTM-SEA,0.6567164179104478,3,OTHER,AUR,NA,AURKA
RPS6KA5,-5.546948600828834,31,PTM-SEA,0.40298507462686567,2,AGC,RSK,MSK,RPS6KA5
CHEK2,-67.39570233842271,3,PTM-SEA,0.9701492537313433,4,CAMK,RAD53,NA,CHEK2
RAF1,25.101519971869266,25,PTM-SEA,0.6119402985074627,3,TKL,RAF,RAF,RAF1
PRKCB,-41.5823888800195,14,PTM-SEA,0.8059701492537313,4,AGC,PKC,ALPHA,PRKCB
CDK1,-47.80171825909181,10,PTM-SEA,0.8656716417910447,4,CMGC,CDK,CDC2,CDK1
ARAF,0,33,PTM-SEA,0,1,TKL,RAF,RAF,ARAF
PIM1,13.153256523605759,30,PTM-SEA,0.417910447761194,2,CAMK,PIM,NA,PIM1
CDK4,-60.250893542816264,5,PTM-SEA,0.9402985074626866,4,CMGC,CDK,CDK4,CDK4
SRC,0,33,PTM-SEA,0,1,TK,SRC,SRCA,SRC
BRAF,0,33,PTM-SEA,0,1,TKL,RAF,RAF,BRAF
PRKCA,-23.92363899090344,27,PTM-SEA,0.582089552238806,3,AGC,PKC,ALPHA,PRKCA
PRKACA,0.5080443340107778,32,PTM-SEA,0.3880597014925373,2,AGC,PKA,NA,PRKACA
PRKACG,13.153256523605759,30,PTM-SEA,0.417910447761194,2,AGC,PKA,NA,PRKACG
PRKACB,13.153256523605759,30,PTM-SEA,0.417910447761194,2,AGC,PKA,NA,PRKACB
RPS6KB1,54.96507367551632,7,PTM-SEA,0.9104477611940298,4,AGC,RSK,P70,RPS6KB1
CDK2,-49.16681773294655,8,PTM-SEA,0.8955223880597015,4,CMGC,CDK,CDC2,CDK2
MAPK3,-31.934517437000355,20,PTM-SEA,0.6865671641791045,3,CMGC,MAPK,ERK1,MAPK3
MAPK1,-48.011017076977666,9,PTM-SEA,0.8805970149253731,4,CMGC,MAPK,ERK1,MAPK1
AKT1,20.274743771115325,29,PTM-SEA,0.5522388059701493,3,AGC,AKT,NA,AKT1
AKT2,43.76175982336204,13,PTM-SEA,0.8208955223880597,4,AGC,AKT,NA,AKT2
MAP3K8,0,33,PTM-SEA,0,1,STE,STE-UNIQUE,NA,MAP3K8
PRKCI,13.153256523605759,30,PTM-SEA,0.417910447761194,2,AGC,PKC,IOTA,PRKCI
MTOR,0,33,PTM-SEA,0,1,ATYPICAL,PIKK,FRAP,MTOR
MAPK8,-55.67013085801896,6,PTM-SEA,0.9253731343283582,4,CMGC,MAPK,JNK,MAPK8
MAPK9,0,33,PTM-SEA,0,1,CMGC,MAPK,JNK,MAPK9
CSNK1A1,0,33,PTM-SEA,0,1,CK1,CK1,CK1-A,CSNK1A1
CSNK1D,0,33,PTM-SEA,0,1,CK1,CK1,CK1-D,CSNK1D
MAPKAPK2,-34.362447255435846,19,PTM-SEA,0.7014925373134329,3,CAMK,MAPKAPK,MAPKAPK,MAPKAPK2
CDK7,-37.43529411764706,16,PTM-SEA,0.7761194029850746,4,CMGC,CDK,CDK7,CDK7
CDK9,-35.411764705882355,18,PTM-SEA,0.7313432835820896,3,CMGC,CDK,CDK9,CDK9
RPS6KA3,-47.516818441657946,11,PTM-SEA,0.8507462686567164,4,AGC,RSK,RSK,RPS6KA3
NEK2,0,33,PTM-SEA,0,1,OTHER,NEK,NEK2,NEK2
DAPK1,0,33,PTM-SEA,0,1,CAMK,DAPK,DAPK,DAPK1
PRKAA2,0,33,PTM-SEA,0,1,CAMK,CAMKL,AMPK,PRKAA2
CSNK2A1,-25.849162770370864,24,PTM-SEA,0.6268656716417911,3,CMGC,CK2,NA,CSNK2A1
PRKDC,-84.98823529411766,1,PTM-SEA,1,4,ATYPICAL,PIKK,DNAPK,PRKDC
ATM,0,33,PTM-SEA,0,1,ATYPICAL,PIKK,ATM,ATM
AURKB,20.774064759857104,28,PTM-SEA,0.5671641791044776,3,OTHER,AUR,NA,AURKB
CDK3,0,33,PTM-SEA,0,1,CMGC,CDK,CDC2,CDK3
CDK6,-35.411764705882355,18,PTM-SEA,0.7313432835820896,3,CMGC,CDK,CDK4,CDK6
CDK5,-28.059978404706456,23,PTM-SEA,0.6417910447761194,3,CMGC,CDK,CDK5,CDK5
PRKCE,13.153256523605759,30,PTM-SEA,0.417910447761194,2,AGC,PKC,ETA,PRKCE
PRKCQ,13.153256523605759,30,PTM-SEA,0.417910447761194,2,AGC,PKC,DELTA,PRKCQ
PRKCZ,0,33,PTM-SEA,0,1,AGC,PKC,IOTA,PRKCZ
PRKCD,0,33,PTM-SEA,0,1,AGC,PKC,DELTA,PRKCD
PRKAA1,-36.04145385479224,17,PTM-SEA,0.7611940298507462,4,CAMK,CAMKL,AMPK,PRKAA1
PAK1,25.01073647645741,26,PTM-SEA,0.5970149253731343,3,STE,STE20,PAKA,PAK1
PRKG2,-34.362447255435846,19,PTM-SEA,0.7014925373134329,3,AGC,PKG,NA,PRKG2
ROCK1,0,33,PTM-SEA,0,1,AGC,DMPK,ROCK,ROCK1
ATR,-75.67005118318522,2,PTM-SEA,0.9850746268656716,4,ATYPICAL,PIKK,ATR,ATR
CAMK2G,0,33,PTM-SEA,0,1,CAMK,CAMK2,NA,CAMK2G
DYRK1A,0,33,PTM-SEA,0,1,CMGC,DYRK,DYRK1,DYRK1A
PRKG1,45.3281400236783,12,PTM-SEA,0.835820895522388,4,AGC,PKG,NA,PRKG1
PRKD1,13.153256523605759,30,PTM-SEA,0.417910447761194,2,CAMK,PKD,NA,PRKD1
RPS6KA2,0,33,PTM-SEA,0,1,AGC,RSK,RSK,RPS6KA2
RPS6KA1,38.26855800202064,15,PTM-SEA,0.7910447761194029,4,AGC,RSK,RSK,RPS6KA1
PKN1,-31.074562401006435,21,PTM-SEA,0.6716417910447762,3,AGC,PKN,NA,PKN1
MAPK14,0,33,PTM-SEA,0,1,CMGC,MAPK,P38,MAPK14
PIM3,13.153256523605759,30,PTM-SEA,0.417910447761194,2,CAMK,PIM,NA,PIM3
BRSK2,0,33,PTM-SEA,0,1,CAMK,CAMKL,BRSK,BRSK2
BRSK1,0,33,PTM-SEA,0,1,CAMK,CAMKL,BRSK,BRSK1
PLK3,0,33,PTM-SEA,0,1,OTHER,PLK,PLK2,PLK3
NEK6,0,33,PTM-SEA,0,1,OTHER,NEK,NEK6,NEK6
PIM2,13.153256523605759,30,PTM-SEA,0.417910447761194,2,CAMK,PIM,NA,PIM2
AKT3,0,33,PTM-SEA,0,1,AGC,AKT,NA,AKT3
AAK1,301,276,KEA3,0.08857142857142856,1,OTHER,NAK,BIKE,AAK1
ABL1,73,55,KEA3,0.8228571428571428,4,TK,ABL,NA,ABL1
ABL2,142,151,KEA3,0.48857142857142855,2,TK,ABL,NA,ABL2
ACVR1,74.5,59,KEA3,0.8057142857142857,4,TKL,STKR,TYPE1,ACVR1
ACVR1B,211.5,218,KEA3,0.26285714285714284,2,TKL,STKR,TYPE1,ACVR1B
ACVR2B,212,219,KEA3,0.26,2,TKL,STKR,TYPE2,ACVR2B
AKT1,101,96,KEA3,0.6771428571428572,3,AGC,AKT,NA,AKT1
AKT2,100.33333333333333,95,KEA3,0.6857142857142857,3,AGC,AKT,NA,AKT2
AKT3,48,26,KEA3,0.9171428571428571,4,AGC,AKT,NA,AKT3
ALK,94,86,KEA3,0.7142857142857143,3,TK,ALK,NA,ALK
ARAF,126,132,KEA3,0.5542857142857143,3,TKL,RAF,RAF,ARAF
ATM,89,77,KEA3,0.74,3,ATYPICAL,PIKK,ATM,ATM
ATR,74,58,KEA3,0.8085714285714286,4,ATYPICAL,PIKK,ATR,ATR
AURKA,50,30,KEA3,0.9057142857142857,4,OTHER,AUR,NA,AURKA
AURKB,22.333333333333332,9,KEA3,0.9742857142857143,4,OTHER,AUR,NA,AURKB
AURKC,185,192,KEA3,0.3514285714285714,2,OTHER,AUR,NA,AURKC
AXL,198,206,KEA3,0.30857142857142855,2,TK,AXL,NA,AXL
BLK,257.5,244,KEA3,0.18,1,TK,SRC,SRCB,BLK
BMP2K,326,296,KEA3,0.03142857142857143,1,OTHER,NAK,BIKE,BMP2K
BMPR1A,133,140,KEA3,0.5228571428571429,3,TKL,STKR,TYPE1,BMPR1A
BMPR1B,105,104,KEA3,0.6428571428571429,3,TKL,STKR,TYPE1,BMPR1B
BMPR2,116.5,115,KEA3,0.6028571428571429,3,TKL,STKR,TYPE2,BMPR2
BMX,120,121,KEA3,0.5857142857142857,3,TK,TEC,NA,BMX
BRAF,150,160,KEA3,0.4542857142857143,2,TKL,RAF,RAF,BRAF
BRSK1,224,225,KEA3,0.24285714285714285,1,CAMK,CAMKL,BRSK,BRSK1
BRSK2,139,145,KEA3,0.5057142857142857,3,CAMK,CAMKL,BRSK,BRSK2
BTK,64.33333333333333,47,KEA3,0.8514285714285714,4,TK,TEC,NA,BTK
BUB1,156.5,167,KEA3,0.4342857142857143,2,OTHER,BUB,NA,BUB1
CAMK1,118.33333333333333,117,KEA3,0.5971428571428572,3,CAMK,CAMK1,NA,CAMK1
CAMK1D,243.5,233,KEA3,0.21428571428571427,1,CAMK,CAMK1,NA,CAMK1D
CAMK2A,104,101,KEA3,0.6571428571428571,3,CAMK,CAMK2,NA,CAMK2A
CAMK2B,208,215,KEA3,0.27714285714285714,2,CAMK,CAMK2,NA,CAMK2B
CAMK2D,93.66666666666667,85,KEA3,0.7171428571428572,3,CAMK,CAMK2,NA,CAMK2D
CAMK2G,8,2,KEA3,0.9971428571428571,4,CAMK,CAMK2,NA,CAMK2G
CAMK4,113.66666666666667,112,KEA3,0.6142857142857143,3,CAMK,CAMK1,NA,CAMK4
CAMKK1,156.66666666666666,168,KEA3,0.43142857142857144,2,OTHER,CAMKK,META,CAMKK1
CAMKK2,201,209,KEA3,0.29714285714285715,2,OTHER,CAMKK,META,CAMKK2
CDC42BPA,283,263,KEA3,0.12571428571428572,1,AGC,DMPK,GEK,CDC42BPA
CDC7,194.5,204,KEA3,0.3142857142857143,2,OTHER,CDC7,NA,CDC7
CDK1,48.5,27,KEA3,0.9142857142857143,4,CMGC,CDK,CDC2,CDK1
CDK11A,332,300,KEA3,0.02,1,NA,NA,NA,CDK11A
CDK12,317,290,KEA3,0.04857142857142857,1,CMGC,CDK,CRK7,CDK12
CDK15,263,248,KEA3,0.16857142857142857,1,CMGC,CDK,PFTAIRE,CDK15
CDK16,216,220,KEA3,0.2571428571428571,2,CMGC,CDK,PCTAIRE,CDK16
CDK18,248,236,KEA3,0.2057142857142857,1,CMGC,CDK,PCTAIRE,CDK18
CDK19,172,180,KEA3,0.3942857142857143,2,CMGC,CDK,CDK8,CDK19
CDK2,38,16,KEA3,0.9514285714285714,4,CMGC,CDK,CDC2,CDK2
CDK20,160,169,KEA3,0.42857142857142855,2,CMGC,CDK,CCRK,CDK20
CDK3,62.66666666666667,44,KEA3,0.86,4,CMGC,CDK,CDC2,CDK3
CDK4,41,17,KEA3,0.9485714285714286,4,CMGC,CDK,CDK4,CDK4
CDK5,57,38,KEA3,0.8828571428571429,4,CMGC,CDK,CDK5,CDK5
CDK6,32.333333333333336,14,KEA3,0.96,4,CMGC,CDK,CDK4,CDK6
CDK7,58.66666666666667,40,KEA3,0.8771428571428571,4,CMGC,CDK,CDK7,CDK7
CDK8,181.5,190,KEA3,0.35714285714285715,2,CMGC,CDK,CDK8,CDK8
CDK9,49,29,KEA3,0.9085714285714286,4,CMGC,CDK,CDK9,CDK9
CDKL3,304,279,KEA3,0.08,1,CMGC,CDKL,NA,CDKL3
CDKL5,104,101,KEA3,0.6571428571428571,3,CMGC,CDKL,NA,CDKL5
CHEK1,6.333333333333333,1,KEA3,1,4,CAMK,CAMKL,CHK1,CHEK1
CHEK2,41.66666666666667,18,KEA3,0.9457142857142857,4,CAMK,RAD53,NA,CHEK2
CHUK,79,66,KEA3,0.7771428571428571,4,OTHER,IKK,NA,CHUK
CLK1,115,113,KEA3,0.6085714285714285,3,CMGC,CLK,NA,CLK1
CLK2,94.5,87,KEA3,0.7114285714285714,3,CMGC,CLK,NA,CLK2
CLK3,201,209,KEA3,0.29714285714285715,2,CMGC,CLK,NA,CLK3
CLK4,322,294,KEA3,0.037142857142857144,1,CMGC,CLK,NA,CLK4
CSF1R,334,302,KEA3,0.014285714285714285,1,TK,PDGFR,NA,CSF1R
CSK,122,125,KEA3,0.5742857142857143,3,TK,CSK,NA,CSK
CSNK1A1,103.66666666666667,100,KEA3,0.6628571428571428,3,CK1,CK1,CK1-A,CSNK1A1
CSNK1A1L,338,306,KEA3,0.002857142857142857,1,CK1,CK1,CK1-A,CSNK1A1L
CSNK1D,25,11,KEA3,0.9685714285714285,4,CK1,CK1,CK1-D,CSNK1D
CSNK1E,76,62,KEA3,0.7914285714285715,4,CK1,CK1,CK1-D,CSNK1E
CSNK1G1,225,226,KEA3,0.24,1,CK1,CK1,CK1-G,CSNK1G1
CSNK1G2,211,217,KEA3,0.26571428571428574,2,CK1,CK1,CK1-G,CSNK1G2
CSNK1G3,257,243,KEA3,0.18285714285714286,1,CK1,CK1,CK1-G,CSNK1G3
CSNK2A1,55.66666666666667,37,KEA3,0.8857142857142857,4,CMGC,CK2,NA,CSNK2A1
CSNK2A2,112,110,KEA3,0.62,3,CMGC,CK2,NA,CSNK2A2
DAPK1,17.333333333333332,5,KEA3,0.9857142857142858,4,CAMK,DAPK,DAPK,DAPK1
DAPK3,67,50,KEA3,0.8428571428571429,4,CAMK,DAPK,DAPK,DAPK3
DCLK1,267,250,KEA3,0.16285714285714287,1,CAMK,DCAMKL,NA,DCLK1
DDR1,121,124,KEA3,0.5771428571428572,3,TK,DDR,NA,DDR1
DDR2,115,113,KEA3,0.6085714285714285,3,TK,DDR,NA,DDR2
DMPK,258,245,KEA3,0.17714285714285713,1,AGC,DMPK,GEK,DMPK
DYRK1A,22,8,KEA3,0.9771428571428571,4,CMGC,DYRK,DYRK1,DYRK1A
DYRK1B,62.33333333333333,43,KEA3,0.8628571428571429,4,CMGC,DYRK,DYRK1,DYRK1B
DYRK2,38,16,KEA3,0.9514285714285714,4,CMGC,DYRK,DYRK2,DYRK2
DYRK3,199,207,KEA3,0.3057142857142857,2,CMGC,DYRK,DYRK2,DYRK3
DYRK4,75,60,KEA3,0.8,4,CMGC,DYRK,DYRK2,DYRK4
EEF2K,127.5,134,KEA3,0.5485714285714286,3,ATYPICAL,ALPHA,EEF2K,EEF2K
EGFR,77.33333333333333,64,KEA3,0.7828571428571428,4,TK,EGFR,NA,EGFR
EIF2AK1,316,289,KEA3,0.05142857142857143,1,OTHER,PEK,HRI,EIF2AK1
EIF2AK2,14,3,KEA3,0.9914285714285714,4,OTHER,PEK,PKR,EIF2AK2
EIF2AK3,336,304,KEA3,0.008571428571428572,1,OTHER,PEK,PEK,EIF2AK3
EPHA2,321,293,KEA3,0.04,1,TK,EPH,NA,EPHA2
EPHA3,142.5,152,KEA3,0.4857142857142857,2,TK,EPH,NA,EPHA3
EPHA4,327,297,KEA3,0.02857142857142857,1,TK,EPH,NA,EPHA4
EPHA8,335,303,KEA3,0.011428571428571429,1,TK,EPH,NA,EPHA8
EPHB1,323,295,KEA3,0.03428571428571429,1,TK,EPH,NA,EPHB1
EPHB2,292,270,KEA3,0.10571428571428572,1,TK,EPH,NA,EPHB2
EPHB3,227,227,KEA3,0.2342857142857143,1,TK,EPH,NA,EPHB3
ERBB2,14.5,4,KEA3,0.9885714285714285,4,TK,EGFR,NA,ERBB2
ERBB4,106,105,KEA3,0.64,3,TK,EGFR,NA,ERBB4
FASTK,231,230,KEA3,0.2257142857142857,1,ATYPICAL,FAST,NA,FASTK
FER,57.5,39,KEA3,0.88,4,TK,FER,NA,FER
FES,270,252,KEA3,0.15714285714285714,1,TK,FER,NA,FES
FGFR1,135.33333333333334,143,KEA3,0.5142857142857142,3,TK,FGFR,NA,FGFR1
FGFR2,167.5,174,KEA3,0.4114285714285714,2,TK,FGFR,NA,FGFR2
FGFR3,141.5,150,KEA3,0.49142857142857144,2,TK,FGFR,NA,FGFR3
FGFR4,108.5,107,KEA3,0.6285714285714286,3,TK,FGFR,NA,FGFR4
FGR,61,42,KEA3,0.8657142857142858,4,TK,SRC,SRCA,FGR
FLT1,306,281,KEA3,0.07428571428571429,1,TK,VEGFR,NA,FLT1
FLT3,93,83,KEA3,0.7228571428571429,3,TK,PDGFR,NA,FLT3
FLT4,268,251,KEA3,0.16,1,TK,VEGFR,NA,FLT4
FRK,191.5,199,KEA3,0.3314285714285714,2,TK,SRC,FRK,FRK
FYN,76.66666666666667,63,KEA3,0.7885714285714286,4,TK,SRC,SRCA,FYN
GRK1,101,96,KEA3,0.6771428571428572,3,AGC,GRK,GRK,GRK1
GRK2,46,25,KEA3,0.92,4,AGC,GRK,BARK,GRK2
GRK3,229,229,KEA3,0.22857142857142856,1,AGC,GRK,BARK,GRK3
GRK5,21,7,KEA3,0.98,4,AGC,GRK,GRK,GRK5
GRK6,192.33333333333334,201,KEA3,0.32285714285714284,2,AGC,GRK,GRK,GRK6
GSK3A,73,55,KEA3,0.8228571428571428,4,CMGC,GSK,NA,GSK3A
GSK3B,73.66666666666667,57,KEA3,0.8114285714285714,4,CMGC,GSK,NA,GSK3B
HASPIN,222,223,KEA3,0.24857142857142858,1,OTHER,HASPIN,NA,HASPIN
HCK,110,108,KEA3,0.6257142857142857,3,TK,SRC,SRCB,HCK
HIPK1,92.5,81,KEA3,0.7285714285714285,3,CMGC,DYRK,HIPK,HIPK1
HIPK2,44.666666666666664,22,KEA3,0.9342857142857143,4,CMGC,DYRK,HIPK,HIPK2
HIPK3,293,271,KEA3,0.10285714285714286,1,CMGC,DYRK,HIPK,HIPK3
HIPK4,120.5,123,KEA3,0.58,3,CMGC,DYRK,HIPK,HIPK4
ICK,281,261,KEA3,0.13142857142857142,1,CMGC,RCK,NA,CILK1
IGF1R,161.33333333333334,170,KEA3,0.4257142857142857,2,TK,INSR,NA,IGF1R
IKBKB,73.66666666666667,57,KEA3,0.8114285714285714,4,OTHER,IKK,NA,IKBKB
IKBKE,119.66666666666667,120,KEA3,0.5885714285714285,3,OTHER,IKK,NA,IKBKE
ILK,172.33333333333334,181,KEA3,0.38857142857142857,2,TKL,MLK,ILK,ILK
INSR,119,119,KEA3,0.5914285714285714,3,TK,INSR,NA,INSR
IRAK1,95.5,89,KEA3,0.7057142857142857,3,TKL,IRAK,NA,IRAK1
IRAK3,249.5,239,KEA3,0.19428571428571428,1,TKL,IRAK,NA,IRAK3
IRAK4,291,269,KEA3,0.10857142857142857,1,TKL,IRAK,NA,IRAK4
ITK,96.66666666666667,90,KEA3,0.7028571428571428,3,TK,TEC,NA,ITK
JAK1,82,69,KEA3,0.7685714285714286,4,TK,JAKA,NA,JAK1
JAK2,83.33333333333333,70,KEA3,0.7628571428571429,4,TK,JAKA,NA,JAK2
JAK3,116,114,KEA3,0.6057142857142858,3,TK,JAKA,NA,JAK3
KDR,302,277,KEA3,0.08571428571428572,1,TK,VEGFR,NA,KDR
KIT,18,6,KEA3,0.9828571428571429,4,TK,PDGFR,NA,KIT
KSR1,189,196,KEA3,0.34,2,TKL,RAF,KSR,KSR1
KSR2,284,264,KEA3,0.12285714285714286,1,TKL,RAF,KSR,KSR2
LATS1,192,200,KEA3,0.32571428571428573,2,AGC,NDR,NA,LATS1
LATS2,67.5,51,KEA3,0.84,4,AGC,NDR,NA,LATS2
LCK,61,42,KEA3,0.8657142857142858,4,TK,SRC,SRCB,LCK
LIMK1,282,262,KEA3,0.12857142857142856,1,TKL,LISK,LIMK,LIMK1
LIMK2,204,212,KEA3,0.2857142857142857,2,TKL,LISK,LIMK,LIMK2
LRRK2,128,135,KEA3,0.5428571428571428,3,TKL,LRRK,NA,LRRK2
LYN,76,62,KEA3,0.7914285714285715,4,TK,SRC,SRCB,LYN
MAK,262,247,KEA3,0.17142857142857143,1,CMGC,RCK,NA,MAK
MAP2K1,92.66666666666667,82,KEA3,0.7257142857142858,3,STE,STE7,MEK1,MAP2K1
MAP2K2,211,217,KEA3,0.26571428571428574,2,STE,STE7,MEK1,MAP2K2
MAP2K3,249,238,KEA3,0.2,1,STE,STE7,MEK3,MAP2K3
MAP2K4,170,177,KEA3,0.40285714285714286,2,STE,STE7,MEK4,MAP2K4
MAP2K6,149,158,KEA3,0.46,2,STE,STE7,MEK3,MAP2K6
MAP2K7,179.5,188,KEA3,0.3628571428571429,2,STE,STE7,MEK7,MAP2K7
MAP3K1,254,240,KEA3,0.19142857142857142,1,STE,STE11,MEKK1,MAP3K1
MAP3K10,271,253,KEA3,0.15428571428571428,1,TKL,MLK,MLK,MAP3K10
MAP3K11,149.33333333333334,159,KEA3,0.45714285714285713,2,TKL,MLK,MLK,MAP3K11
MAP3K13,205,213,KEA3,0.28285714285714286,2,TKL,MLK,LZK,MAP3K13
MAP3K14,135,142,KEA3,0.5171428571428571,3,STE,STE-UNIQUE,NA,MAP3K14
MAP3K20,174,183,KEA3,0.38285714285714284,2,TKL,MLK,ZAK,MAP3K20
MAP3K3,289,267,KEA3,0.11428571428571428,1,STE,STE11,MEKK2,MAP3K3
MAP3K4,305,280,KEA3,0.07714285714285714,1,STE,STE11,MEKK4,MAP3K4
MAP3K5,167.66666666666666,175,KEA3,0.4085714285714286,2,STE,STE11,ASK,MAP3K5
MAP3K6,260,246,KEA3,0.1742857142857143,1,STE,STE11,ASK,MAP3K6
MAP3K7,125.66666666666667,131,KEA3,0.5571428571428572,3,TKL,MLK,TAK1,MAP3K7
MAP3K8,55.5,36,KEA3,0.8885714285714286,4,STE,STE-UNIQUE,NA,MAP3K8
MAP4K1,264,249,KEA3,0.1657142857142857,1,STE,STE20,KHS,MAP4K1
MAP4K2,187,195,KEA3,0.34285714285714286,2,STE,STE20,KHS,MAP4K2
MAP4K3,297,274,KEA3,0.09428571428571429,1,STE,STE20,KHS,MAP4K3
MAP4K4,310,284,KEA3,0.06571428571428571,1,STE,STE20,MSN,MAP4K4
MAP4K5,144,153,KEA3,0.48,2,STE,STE20,KHS,MAP4K5
MAPK1,60.33333333333333,41,KEA3,0.8742857142857143,4,CMGC,MAPK,ERK1,MAPK1
MAPK10,140.33333333333334,148,KEA3,0.49714285714285716,2,CMGC,MAPK,JNK,MAPK10
MAPK11,101,96,KEA3,0.6771428571428572,3,CMGC,MAPK,P38,MAPK11
MAPK12,145.33333333333334,154,KEA3,0.47714285714285715,2,CMGC,MAPK,P38,MAPK12
MAPK13,173.33333333333334,182,KEA3,0.38571428571428573,2,CMGC,MAPK,P38,MAPK13
MAPK14,45.333333333333336,23,KEA3,0.9285714285714286,4,CMGC,MAPK,P38,MAPK14
MAPK15,175,184,KEA3,0.37714285714285717,2,CMGC,MAPK,ERK7,MAPK15
MAPK3,75.33333333333333,61,KEA3,0.7971428571428572,4,CMGC,MAPK,ERK1,MAPK3
MAPK6,201.5,210,KEA3,0.29428571428571426,2,CMGC,MAPK,ERK3,MAPK6
MAPK7,140,147,KEA3,0.5,3,CMGC,MAPK,ERK5,MAPK7
MAPK8,91,80,KEA3,0.7314285714285714,3,CMGC,MAPK,JNK,MAPK8
MAPK9,43.666666666666664,20,KEA3,0.94,4,CMGC,MAPK,JNK,MAPK9
MAPKAPK2,98,91,KEA3,0.7,3,CAMK,MAPKAPK,MAPKAPK,MAPKAPK2
MAPKAPK3,300,275,KEA3,0.09142857142857143,1,CAMK,MAPKAPK,MAPKAPK,MAPKAPK3
MAPKAPK5,48.666666666666664,28,KEA3,0.9114285714285715,4,CAMK,MAPKAPK,MAPKAPK,MAPKAPK5
MARK2,118.66666666666667,118,KEA3,0.5942857142857143,3,CAMK,CAMKL,MARK,MARK2
MARK3,209.66666666666666,216,KEA3,0.2742857142857143,2,CAMK,CAMKL,MARK,MARK3
MARK4,333,301,KEA3,0.017142857142857144,1,CAMK,CAMKL,MARK,MARK4
MAST1,247,235,KEA3,0.20857142857142857,1,AGC,MAST,MAST,MAST1
MAST2,315,288,KEA3,0.054285714285714284,1,AGC,MAST,MAST,MAST2
MATK,69,53,KEA3,0.8314285714285714,4,TK,CSK,NA,MATK
MELK,138,144,KEA3,0.5114285714285715,3,CAMK,CAMKL,MELK,MELK
MERTK,152,163,KEA3,0.44571428571428573,2,TK,AXL,NA,MERTK
MET,126.33333333333333,133,KEA3,0.5514285714285714,3,TK,MET,NA,MET
MKNK1,169.66666666666666,176,KEA3,0.4057142857142857,2,CAMK,MAPKAPK,MNK,MKNK1
MKNK2,220.5,222,KEA3,0.25142857142857145,2,CAMK,MAPKAPK,MNK,MKNK2
MOK,241,232,KEA3,0.21714285714285714,1,CMGC,RCK,NA,MOK
MOS,303,278,KEA3,0.08285714285714285,1,OTHER,MOS,NA,MOS
MST1R,278,259,KEA3,0.13714285714285715,1,TK,MET,NA,MST1R
MTOR,120.33333333333333,122,KEA3,0.5828571428571429,3,ATYPICAL,PIKK,FRAP,MTOR
MYLK2,199.5,208,KEA3,0.3028571428571429,2,CAMK,MLCK,NA,MYLK2
MYO3A,186,193,KEA3,0.3485714285714286,2,STE,STE20,NINAC,MYO3A
NEK10,286,265,KEA3,0.12,1,OTHER,NEK,NEK10,NEK10
NEK11,123,127,KEA3,0.5685714285714286,3,OTHER,NEK,NEK11,NEK11
NEK2,77.66666666666667,65,KEA3,0.78,4,OTHER,NEK,NEK2,NEK2
NEK3,129.5,137,KEA3,0.5342857142857143,3,OTHER,NEK,NEK1,NEK3
NEK4,179,187,KEA3,0.3657142857142857,2,OTHER,NEK,NEK4,NEK4
NEK6,84.33333333333333,71,KEA3,0.76,4,OTHER,NEK,NEK6,NEK6
NEK8,219,221,KEA3,0.2542857142857143,2,OTHER,NEK,NEK8,NEK8
NEK9,148,157,KEA3,0.4685714285714286,2,OTHER,NEK,NEK8,NEK9
NIM1K,272,254,KEA3,0.15142857142857144,1,CAMK,CAMKL,NIM1,NIM1K
NLK,123.33333333333333,128,KEA3,0.5657142857142857,3,CMGC,MAPK,NMO,NLK
NPR2,93.5,84,KEA3,0.72,3,RGC,RGC,NA,NPR2
NRBP2,227,227,KEA3,0.2342857142857143,1,OTHER,NRBP,NA,NRBP2
NTRK1,133,140,KEA3,0.5228571428571429,3,TK,TRK,NA,NTRK1
NTRK2,312,286,KEA3,0.06,1,TK,TRK,NA,NTRK2
NTRK3,256,242,KEA3,0.18571428571428572,1,TK,TRK,NA,NTRK3
NUAK1,27.666666666666668,12,KEA3,0.9657142857142857,4,CAMK,CAMKL,NUAK,NUAK1
NUAK2,149,158,KEA3,0.46,2,CAMK,CAMKL,NUAK,NUAK2
OXSR1,274,256,KEA3,0.1457142857142857,1,STE,STE20,FRAY,OXSR1
PAK1,102.33333333333333,99,KEA3,0.6657142857142857,3,STE,STE20,PAKA,PAK1
PAK2,124.33333333333333,130,KEA3,0.56,3,STE,STE20,PAKA,PAK2
PAK3,192,200,KEA3,0.32571428571428573,2,STE,STE20,PAKA,PAK3
PAK4,42,19,KEA3,0.9428571428571428,4,STE,STE20,PAKB,PAK4
PAK5,329,299,KEA3,0.022857142857142857,1,STE,STE20,PAKB,PAK5
PAK6,203.5,211,KEA3,0.2885714285714286,2,STE,STE20,PAKB,PAK6
PASK,296,273,KEA3,0.09714285714285714,1,CAMK,CAMKL,PASK,PASK
PBK,190.33333333333334,198,KEA3,0.3342857142857143,2,OTHER,TOPK,NA,PBK
PDGFRA,102,98,KEA3,0.6714285714285714,3,TK,PDGFR,NA,PDGFRA
PDGFRB,111,109,KEA3,0.6228571428571429,3,TK,PDGFR,NA,PDGFRB
PDIK1L,144,153,KEA3,0.48,2,OTHER,NKF4,NA,PDIK1L
PDK1,145.5,155,KEA3,0.4742857142857143,2,ATYPICAL,PDHK,PDHK,PDK1
PDPK1,124,129,KEA3,0.5628571428571428,3,AGC,PDK1,NA,PDPK1
PIK3CA,86,73,KEA3,0.7542857142857143,4,NA,NA,NA,PIK3CA
PIK3CB,337,305,KEA3,0.005714285714285714,1,NA,NA,NA,PIK3CB
PIK3CG,311,285,KEA3,0.06285714285714286,1,NA,NA,NA,PIK3CG
PIK3R4,193,202,KEA3,0.32,2,OTHER,VPS15,NA,PIK3R4
PIM1,98.66666666666667,92,KEA3,0.6942857142857143,3,CAMK,PIM,NA,PIM1
PIM2,153,164,KEA3,0.44285714285714284,2,CAMK,PIM,NA,PIM2
PINK1,149,158,KEA3,0.46,2,OTHER,NKF2,NA,PINK1
PKMYT1,167,173,KEA3,0.41714285714285715,2,OTHER,WEE,NA,PKMYT1
PKN1,139,145,KEA3,0.5057142857142857,3,AGC,PKN,NA,PKN1
PLK1,65.66666666666667,49,KEA3,0.8457142857142858,4,OTHER,PLK,PLK1,PLK1
PLK2,151,162,KEA3,0.44857142857142857,2,OTHER,PLK,PLK2,PLK2
PLK3,51,31,KEA3,0.9028571428571428,4,OTHER,PLK,PLK2,PLK3
PLK4,128,135,KEA3,0.5428571428571428,3,OTHER,PLK,SAK,PLK4
PNCK,175,184,KEA3,0.37714285714285717,2,CAMK,CAMK1,NA,PNCK
PRKAA1,44.333333333333336,21,KEA3,0.9371428571428572,4,CAMK,CAMKL,AMPK,PRKAA1
PRKAA2,104.33333333333333,102,KEA3,0.6542857142857142,3,CAMK,CAMKL,AMPK,PRKAA2
PRKACA,46,25,KEA3,0.92,4,AGC,PKA,NA,PRKACA
PRKACB,249.5,239,KEA3,0.19428571428571428,1,AGC,PKA,NA,PRKACB
PRKCA,45.66666666666667,24,KEA3,0.9257142857142857,4,AGC,PKC,ALPHA,PRKCA
PRKCB,63,45,KEA3,0.8571428571428571,4,AGC,PKC,ALPHA,PRKCB
PRKCD,64.66666666666667,48,KEA3,0.8485714285714285,4,AGC,PKC,DELTA,PRKCD
PRKCE,94.66666666666667,88,KEA3,0.7085714285714285,3,AGC,PKC,ETA,PRKCE
PRKCG,99.66666666666667,93,KEA3,0.6914285714285714,3,AGC,PKC,ALPHA,PRKCG
PRKCH,105,104,KEA3,0.6428571428571429,3,AGC,PKC,ETA,PRKCH
PRKCI,104.66666666666667,103,KEA3,0.6514285714285715,3,AGC,PKC,IOTA,PRKCI
PRKCQ,88.33333333333333,76,KEA3,0.7457142857142857,3,AGC,PKC,DELTA,PRKCQ
PRKCZ,67.66666666666667,52,KEA3,0.8342857142857143,4,AGC,PKC,IOTA,PRKCZ
PRKD1,67.66666666666667,52,KEA3,0.8342857142857143,4,CAMK,PKD,NA,PRKD1
PRKD2,164.33333333333334,172,KEA3,0.42,2,CAMK,PKD,NA,PRKD2
PRKD3,196,205,KEA3,0.31142857142857144,2,CAMK,PKD,NA,PRKD3
PRKDC,51.666666666666664,33,KEA3,0.8971428571428571,4,ATYPICAL,PIKK,DNAPK,PRKDC
PRKG1,79.33333333333333,67,KEA3,0.7742857142857142,4,AGC,PKG,NA,PRKG1
PRKG2,176,185,KEA3,0.3742857142857143,2,AGC,PKG,NA,PRKG2
PRKX,277,258,KEA3,0.14,1,AGC,PKA,NA,PRKX
PRKY,147,156,KEA3,0.4714285714285714,2,AGC,PKA,NA,PRKY
PRPF4B,108.5,107,KEA3,0.6285714285714286,3,CMGC,DYRK,PRP4,PRPF4B
PTK2,128.66666666666666,136,KEA3,0.54,3,TK,FAK,NA,PTK2
PTK2B,130.66666666666666,138,KEA3,0.5314285714285715,3,TK,FAK,NA,PTK2B
PTK6,80.33333333333333,68,KEA3,0.7714285714285715,4,TK,SRC,SRM,PTK6
PXK,75,60,KEA3,0.8,4,OTHER,SLOB,NA,PXK
RAF1,139.33333333333334,146,KEA3,0.5028571428571429,3,TKL,RAF,RAF,RAF1
RET,102.33333333333333,99,KEA3,0.6657142857142857,3,TK,RET,NA,RET
RIOK1,287,266,KEA3,0.11714285714285715,1,ATYPICAL,RIO,RIO1,RIOK1
RIPK1,275,257,KEA3,0.14285714285714285,1,TKL,RIPK,NA,RIPK1
RIPK2,207.5,214,KEA3,0.28,2,TKL,RIPK,NA,RIPK2
RIPK3,85,72,KEA3,0.7571428571428571,4,TKL,RIPK,NA,RIPK3
ROCK1,28.333333333333332,13,KEA3,0.9628571428571429,4,AGC,DMPK,ROCK,ROCK1
ROCK2,176.66666666666666,186,KEA3,0.37142857142857144,2,AGC,DMPK,ROCK,ROCK2
RPS6KA1,89.33333333333333,78,KEA3,0.7371428571428571,3,AGC,RSK,RSK,RPS6KA1
RPS6KA2,55,35,KEA3,0.8914285714285715,4,AGC,RSK,RSK,RPS6KA2
RPS6KA3,51.333333333333336,32,KEA3,0.9,4,AGC,RSK,RSK,RPS6KA3
RPS6KA4,53.5,34,KEA3,0.8942857142857142,4,AGC,RSK,MSK,RPS6KA4
RPS6KA5,73.33333333333333,56,KEA3,0.82,4,AGC,RSK,MSK,RPS6KA5
RPS6KB1,77.33333333333333,64,KEA3,0.7828571428571428,4,AGC,RSK,P70,RPS6KB1
RPS6KB2,172.33333333333334,181,KEA3,0.38857142857142857,2,AGC,RSK,P70,RPS6KB2
RPS6KL1,314,287,KEA3,0.05714285714285714,1,AGC,RSKL,NA,RPS6KL1
SCYL1,328,298,KEA3,0.025714285714285714,1,OTHER,SCY1,NA,SCYL1
SCYL2,170.5,178,KEA3,0.4,2,OTHER,SCY1,NA,SCYL2
SCYL3,255,241,KEA3,0.18857142857142858,1,OTHER,SCY1,NA,SCYL3
SGK1,122.66666666666667,126,KEA3,0.5714285714285714,3,AGC,SGK,NA,SGK1
SGK2,290,268,KEA3,0.11142857142857143,1,AGC,SGK,NA,SGK2
SGK3,180,189,KEA3,0.36,2,AGC,SGK,NA,SGK3
SIK1,228.5,228,KEA3,0.23142857142857143,1,CAMK,CAMKL,QIK,SIK1
SIK2,307,282,KEA3,0.07142857142857142,1,CAMK,CAMKL,QIK,SIK2
SMG1,100,94,KEA3,0.6885714285714286,3,ATYPICAL,PIKK,SMG1,SMG1
SNRK,223,224,KEA3,0.24571428571428572,1,CAMK,CAMKL,SNRK,SNRK
SRC,101.66666666666667,97,KEA3,0.6742857142857143,3,TK,SRC,SRCA,SRC
SRMS,107,106,KEA3,0.6342857142857142,3,TK,SRC,SRM,SRMS
SRPK1,87.5,75,KEA3,0.7485714285714286,3,CMGC,SRPK,NA,SRPK1
SRPK2,150.5,161,KEA3,0.4514285714285714,2,CMGC,SRPK,NA,SRPK2
STK10,279,260,KEA3,0.13428571428571429,1,STE,STE20,SLK,STK10
STK11,45.333333333333336,23,KEA3,0.9285714285714286,4,CAMK,CAMKL,LKB,STK11
STK16,72.5,54,KEA3,0.8285714285714286,4,OTHER,NAK,MPSK,STK16
STK17A,23,10,KEA3,0.9714285714285714,4,CAMK,DAPK,DRAK,STK17A
STK24,129.5,137,KEA3,0.5342857142857143,3,STE,STE20,YSK,STK24
STK25,235,231,KEA3,0.22,1,STE,STE20,YSK,STK25
STK26,235,231,KEA3,0.22,1,STE,STE20,YSK,STK26
STK3,63.33333333333333,46,KEA3,0.8542857142857143,4,STE,STE20,MST,STK3
STK33,273,255,KEA3,0.14857142857142858,1,CAMK,CAMK-UNIQUE,NA,STK33
STK36,245.5,234,KEA3,0.21142857142857144,1,OTHER,ULK,FUSED,STK36
STK38,186.5,194,KEA3,0.3457142857142857,2,AGC,NDR,NA,STK38
STK38L,203.5,211,KEA3,0.2885714285714286,2,AGC,NDR,NA,STK38L
STK39,118,116,KEA3,0.6,3,STE,STE20,FRAY,STK39
STK4,171.5,179,KEA3,0.39714285714285713,2,STE,STE20,MST,STK4
STK40,211,217,KEA3,0.26571428571428574,2,CAMK,SGK495,NA,STK40
STYK1,184.5,191,KEA3,0.35428571428571426,2,TK,TK-UNIQUE,NA,STYK1
SYK,83.33333333333333,70,KEA3,0.7628571428571429,4,TK,SYK,NA,SYK
TAOK1,308,283,KEA3,0.06857142857142857,1,STE,STE20,TAO,TAOK1
TBK1,73.66666666666667,57,KEA3,0.8114285714285714,4,OTHER,IKK,NA,TBK1
TEC,89.5,79,KEA3,0.7342857142857143,3,TK,TEC,NA,TEC
TEK,319,291,KEA3,0.045714285714285714,1,TK,TIE,NA,TEK
TESK1,295,272,KEA3,0.1,1,TKL,LISK,TESK,TESK1
TESK2,190,197,KEA3,0.33714285714285713,2,TKL,LISK,TESK,TESK2
TGFBR1,156,166,KEA3,0.43714285714285717,2,TKL,STKR,TYPE1,TGFBR1
TGFBR2,61,42,KEA3,0.8657142857142858,4,TKL,STKR,TYPE2,TGFBR2
TLK1,339,307,KEA3,0,1,OTHER,TLK,NA,TLK1
TNIK,320,292,KEA3,0.04285714285714286,1,STE,STE20,MSN,TNIK
TNK2,141,149,KEA3,0.4942857142857143,2,TK,ACK,NA,TNK2
TNNI3K,155,165,KEA3,0.44,2,TKL,MLK,HH498,TNNI3K
TP53RK,89,77,KEA3,0.74,3,OTHER,BUD32,NA,TP53RK
TRIB3,131.5,139,KEA3,0.5285714285714286,3,CAMK,TRBL,NA,TRIB3
TRPM7,163.5,171,KEA3,0.4228571428571429,2,ATYPICAL,ALPHA,CHAK,TRPM7
TTK,87,74,KEA3,0.7514285714285714,4,OTHER,TTK,NA,TTK
TXK,179,187,KEA3,0.3657142857142857,2,TK,TEC,NA,TXK
TYK2,98.66666666666667,92,KEA3,0.6942857142857143,3,TK,JAKA,NA,TYK2
TYRO3,167.5,174,KEA3,0.4114285714285714,2,TK,AXL,NA,TYRO3
UHMK1,14,3,KEA3,0.9914285714285714,4,OTHER,KIS,NA,UHMK1
ULK1,193.5,203,KEA3,0.3171428571428571,2,OTHER,ULK,ULK,ULK1
VRK1,32.666666666666664,15,KEA3,0.9571428571428572,4,CK1,VRK,NA,VRK1
VRK3,248.5,237,KEA3,0.20285714285714285,1,CK1,VRK,NA,VRK3
WEE1,105,104,KEA3,0.6428571428571429,3,OTHER,WEE,NA,WEE1
WNK1,107,106,KEA3,0.6342857142857142,3,OTHER,WNK,NA,WNK1
YES1,112.66666666666667,111,KEA3,0.6171428571428571,3,TK,SRC,SRCA,YES1
ZAP70,134,141,KEA3,0.52,3,TK,SYK,NA,ZAP70
PKG2,3.09691001300806,1,UKA,0.9887640449438202,4,AGC,PKG,NA,PRKG2
PKG1,3.09691001300806,1,UKA,0.9887640449438202,4,AGC,PKG,NA,PRKG1
PKA[ALPHA],2.31875876262441,2,UKA,0.9775280898876404,4,AGC,PKA,NA,PRKACA
AMPK[ALPHA]1,2.19382002601611,3,UKA,0.9662921348314607,4,CAMK,CAMKL,AMPK,PRKAA1
AKT1/PKB[ALPHA],1.51712641639125,4,UKA,0.9550561797752809,4,AGC,AKT,NA,AKT1
PFTAIRE1,1.45099673797421,5,UKA,0.9438202247191011,4,CMGC,CDK,PFTAIRE,CDK14
CAMK4,1.4294570601181,6,UKA,0.9325842696629213,4,CAMK,CAMK1,NA,CAMK4
CAMK4,1.4294570601181,6,UKA,0.9325842696629213,4,OTHER,CAMKK,META,CAMKK1
AKT2/PKB[BETA],1.41566877563247,7,UKA,0.9213483146067416,4,AGC,AKT,NA,AKT2
NUAK1,1.3767507096021,8,UKA,0.9101123595505618,4,CAMK,CAMKL,NUAK,NUAK1
CK2[ALPHA]1,1.34678748622466,9,UKA,0.898876404494382,4,CMGC,CK2,NA,CSNK2A1
IKK[ALPHA],1.30277065724028,10,UKA,0.8764044943820225,4,OTHER,IKK,NA,CHUK
CK1[EPSILON],1.30277065724028,10,UKA,0.8764044943820225,4,CK1,CK1,CK1-D,CSNK1E
TBK1,1.19928292171761,11,UKA,0.8651685393258427,4,OTHER,IKK,NA,TBK1
IKK[BETA],1.05551732784983,12,UKA,0.8539325842696629,4,OTHER,IKK,NA,IKBKB
P70S6K[BETA],1.05060999335509,13,UKA,0.8426966292134831,4,AGC,RSK,P70,RPS6KB2
CDK10,1.02502800570193,14,UKA,0.8314606741573034,4,CMGC,CDK,CDK10,CDK10
DAPK2,0.962573502059376,15,UKA,0.8202247191011236,4,CAMK,DAPK,DAPK,DAPK2
ROCK2,0.869666231504994,16,UKA,0.8089887640449438,4,AGC,DMPK,ROCK,ROCK2
RSKL1,0.837074754469141,17,UKA,0.797752808988764,4,AGC,RSKL,NA,RPS6KC1
PRKX,0.835647144215563,18,UKA,0.7865168539325843,4,AGC,PKA,NA,PRKX
PIM1,0.826813731587726,19,UKA,0.7752808988764045,4,CAMK,PIM,NA,PIM1
PFTAIRE2,0.772113295386326,20,UKA,0.7640449438202247,4,CMGC,CDK,PFTAIRE,CDK15
PKC[ALPHA],0.707743928643524,21,UKA,0.7415730337078652,3,AGC,PKC,ALPHA,PRKCA
MTOR/FRAP,0.707743928643524,21,UKA,0.7415730337078652,3,ATYPICAL,PIKK,FRAP,MTOR
CAMK2[ALPHA],0.698970004336019,22,UKA,0.7303370786516854,3,CAMK,CAMK2,NA,CAMK2A
GSK3[BETA],0.648977147415876,23,UKA,0.7191011235955056,3,CMGC,GSK,NA,GSK3B
RSKL2,0.638414731609074,24,UKA,0.7078651685393258,3,AGC,RSKL,NA,RPS6KL1
HGK/ZC1,0.623423042943488,25,UKA,0.6966292134831461,3,STE,STE20,MSN,MAP4K4
ATR,0.617982957425132,26,UKA,0.6853932584269663,3,ATYPICAL,PIKK,ATR,ATR
SGK2,0.596879478824182,27,UKA,0.6741573033707865,3,AGC,SGK,NA,SGK2
SGK2,0.596879478824182,27,UKA,0.6741573033707865,3,AGC,SGK,NA,SGK3
CK1[ALPHA],0.562249437179612,28,UKA,0.6629213483146067,3,CK1,CK1,CK1-A,CSNK1A1
PKC[ETA],0.560667306169737,29,UKA,0.651685393258427,3,AGC,PKC,ETA,PRKCH
PKC[GAMMA],0.539102157243452,30,UKA,0.6292134831460674,3,AGC,PKC,ALPHA,PRKCG
CDKL1,0.539102157243452,30,UKA,0.6292134831460674,3,CMGC,CDKL,NA,CDKL1
P38[DELTA],0.538801711377507,31,UKA,0.6179775280898876,3,CMGC,MAPK,P38,MAPK13
CHK2,0.536107011014093,32,UKA,0.5955056179775281,3,CAMK,RAD53,NA,CHEK2
PIM3,0.536107011014093,32,UKA,0.5955056179775281,3,CAMK,PIM,NA,PIM3
PKC[DELTA],0.522878745280338,33,UKA,0.5842696629213483,3,AGC,PKC,DELTA,PRKCD
RAF1,0.512861624522813,34,UKA,0.5730337078651685,3,TKL,RAF,RAF,RAF1
PKD1,0.497572880015567,35,UKA,0.5617977528089888,3,CAMK,PKD,NA,PRKD1
PIM2,0.490797477668897,36,UKA,0.550561797752809,3,CAMK,PIM,NA,PIM2
CDK3,0.484126156288321,37,UKA,0.5393258426966292,3,CMGC,CDK,CDC2,CDK3
MAPKAPK3,0.467245621007502,38,UKA,0.5280898876404494,3,CAMK,MAPKAPK,MAPKAPK,MAPKAPK3
PKC[IOTA],0.434152181326482,39,UKA,0.5168539325842697,3,AGC,PKC,IOTA,PRKCI
PKC[BETA],0.428058364925538,40,UKA,0.5056179775280899,3,AGC,PKC,ALPHA,PRKCB
PKC[EPSILON],0.425968732272281,41,UKA,0.4943820224719101,2,AGC,PKC,ETA,PRKCE
SGK1,0.424119684319354,42,UKA,0.48314606741573035,2,AGC,SGK,NA,SGK1
PKC[THETA],0.40340290437354,43,UKA,0.47191011235955055,2,AGC,PKC,DELTA,PRKCQ
PRKY,0.38679264789624,44,UKA,0.4606741573033708,2,AGC,PKA,NA,PRKY
RSK1/P90RSK,0.380489279161502,45,UKA,0.449438202247191,2,AGC,RSK,RSK,RPS6KA2
IKK[EPSILON],0.374276090474244,46,UKA,0.43820224719101125,2,OTHER,IKK,NA,IKBKE
CDK7,0.370590400897281,47,UKA,0.42696629213483145,2,CMGC,CDK,CDK7,CDK7
ICK,0.328827157284917,48,UKA,0.4157303370786517,2,CMGC,RCK,NA,CILK1
MSK2,0.327532686931918,49,UKA,0.4044943820224719,2,AGC,RSK,MSK,RPS6KA4
DAPK3,0.313542489530888,50,UKA,0.39325842696629215,2,CAMK,DAPK,DAPK,DAPK3
P70S6K,0.304868702295974,51,UKA,0.38202247191011235,2,AGC,RSK,P70,RPS6KB1
RSK3,0.303818412831476,52,UKA,0.3707865168539326,2,AGC,RSK,RSK,RPS6KA1
ANP[ALPHA],0.300682698978618,53,UKA,0.3595505617977528,2,RGC,RGC,NA,NPR1
MAPKAPK2,0.281332264683789,54,UKA,0.34831460674157305,2,CAMK,MAPKAPK,MAPKAPK,MAPKAPK2
PKC[ZETA],0.262807357295263,55,UKA,0.33707865168539325,2,AGC,PKC,IOTA,PRKCZ
JNK2,0.257274868695302,56,UKA,0.3258426966292135,2,CMGC,MAPK,JNK,MAPK9
P38[GAMMA],0.231657941355467,57,UKA,0.30337078651685395,2,CMGC,MAPK,P38,MAPK12
ADCK3,0.231657941355467,57,UKA,0.30337078651685395,2,ATYPICAL,ABC1,ABC1-A,COQ8A
JNK1,0.229589868486094,58,UKA,0.2808988764044944,2,CMGC,MAPK,JNK,MAPK8
JNK3,0.229589868486094,58,UKA,0.2808988764044944,2,CMGC,MAPK,JNK,MAPK10
SGK307,0.228853651185015,59,UKA,0.2696629213483146,2,OTHER,NKF5,NA,TEX14
ERK5,0.22040350874217501,60,UKA,0.25842696629213485,2,CMGC,MAPK,ERK5,MAPK7
CDK2,0.210419287835575,61,UKA,0.24719101123595505,1,CMGC,CDK,CDC2,CDK2
ERK1,0.19777376230893,62,UKA,0.23595505617977527,1,CMGC,MAPK,ERK1,MAPK3
CDK5,0.19708951058096,63,UKA,0.2247191011235955,1,CMGC,CDK,CDK5,CDK5
PCTAIRE2,0.195996945270387,64,UKA,0.21348314606741572,1,CMGC,CDK,PCTAIRE,CDK17
P38[BETA],0.191653964259605,65,UKA,0.20224719101123595,1,CMGC,MAPK,P38,MAPK11
ERK2,0.188290973303809,66,UKA,0.19101123595505617,1,CMGC,MAPK,ERK1,MAPK1
DCAMKL1,0.149476291121006,67,UKA,0.1797752808988764,1,CAMK,DCAMKL,NA,DCLK1
RSK2,0.147520006363144,68,UKA,0.16853932584269662,1,AGC,RSK,RSK,RPS6KA3
CDK9,0.138824164486971,69,UKA,0.15730337078651685,1,CMGC,CDK,CDK9,CDK9
CHK1,0.128427064454121,70,UKA,0.14606741573033707,1,CAMK,CAMKL,CHK1,CHEK1
CDK6,0.107237765384183,71,UKA,0.1348314606741573,1,CMGC,CDK,CDK4,CDK6
CDK4,0.105241005628108,72,UKA,0.11235955056179775,1,CMGC,CDK,CDK4,CDK4
BRAF,0.105241005628108,72,UKA,0.11235955056179775,1,TKL,RAF,RAF,BRAF
AURA/AUR2,0.0983237686736244,73,UKA,0.10112359550561797,1,OTHER,AUR,NA,AURKA
ARAF,0.0963674839157623,74,UKA,0.0898876404494382,1,TKL,RAF,RAF,ARAF
PAK1,0.0857626522322589,75,UKA,0.07865168539325842,1,STE,STE20,PAKA,PAK1
PKN1/PRK1,0.0848112948268437,76,UKA,0.06741573033707865,1,AGC,PKN,NA,PKN1
MSK1,0.0726296369609765,77,UKA,0.056179775280898875,1,AGC,RSK,MSK,RPS6KA5
MSK1,0.0726296369609765,77,UKA,0.056179775280898875,1,CAMK,CAMKL,QIK,SIK1
ROCK1,0.0655015487564323,78,UKA,0.0449438202247191,1,AGC,DMPK,ROCK,ROCK1
CDC2/CDK1,0.0616804566578444,79,UKA,0.033707865168539325,1,CMGC,CDK,CDC2,CDK1
MAPK14,0.0496840571848108,80,UKA,0.02247191011235955,1,CMGC,MAPK,P38,MAPK14
CDKL5,0.00877392430750515,81,UKA,0.011235955056179775,1,CMGC,CDKL,NA,CDKL5
AURB/AUR1,8.6945871262889e-4,82,UKA,0,1,OTHER,AUR,NA,AURKB
MLCK,1.0012499999999998,22,KRSA,0.7215189873417721,3,CAMK,MLCK,NA,MYLK
MLCK,1.0012499999999998,22,KRSA,0.7215189873417721,3,CAMK,MLCK,NA,MYLK2
MLCK,1.0012499999999998,22,KRSA,0.7215189873417721,3,CAMK,MLCK,NA,TTN
PKD,-2.15375,2,KRSA,0.9873417721518988,4,CAMK,PKD,NA,PRKD1
PKD,-2.15375,2,KRSA,0.9873417721518988,4,CAMK,PKD,NA,PRKD2
PKD,-2.15375,2,KRSA,0.9873417721518988,4,CAMK,PKD,NA,PRKD3
PKG,-1.37375,13,KRSA,0.8354430379746836,4,AGC,PKG,NA,PRKG1
PKG,-1.37375,13,KRSA,0.8354430379746836,4,AGC,PKG,NA,PRKG2
DYRK,2.0475,3,KRSA,0.9746835443037974,4,CMGC,DYRK,DYRK1,DYRK1A
DYRK,2.0475,3,KRSA,0.9746835443037974,4,CMGC,DYRK,DYRK1,DYRK1B
DYRK,2.0475,3,KRSA,0.9746835443037974,4,CMGC,DYRK,DYRK2,DYRK2
DYRK,2.0475,3,KRSA,0.9746835443037974,4,CMGC,DYRK,DYRK2,DYRK3
DYRK,2.0475,3,KRSA,0.9746835443037974,4,CMGC,DYRK,DYRK2,DYRK4
DYRK,2.0475,3,KRSA,0.9746835443037974,4,CMGC,DYRK,HIPK,HIPK1
DYRK,2.0475,3,KRSA,0.9746835443037974,4,CMGC,DYRK,HIPK,HIPK2
DYRK,2.0475,3,KRSA,0.9746835443037974,4,CMGC,DYRK,HIPK,HIPK3
DYRK,2.0475,3,KRSA,0.9746835443037974,4,CMGC,DYRK,HIPK,HIPK4
DYRK,2.0475,3,KRSA,0.9746835443037974,4,CMGC,DYRK,PRP4,PRPF4B
PKA,-1.5125,9,KRSA,0.8860759493670886,4,AGC,PKA,NA,PRKACA
PKA,-1.5125,9,KRSA,0.8860759493670886,4,AGC,PKA,NA,PRKACB
PKA,-1.5125,9,KRSA,0.8860759493670886,4,AGC,PKA,NA,PRKACG
PKA,-1.5125,9,KRSA,0.8860759493670886,4,AGC,PKA,NA,PRKX
PKA,-1.5125,9,KRSA,0.8860759493670886,4,AGC,PKA,NA,PRKY
MST,1.42625,11,KRSA,0.8607594936708861,4,STE,STE20,MST,STK3
MST,1.42625,11,KRSA,0.8607594936708861,4,STE,STE20,MST,STK4
ERK,1.8125,5,KRSA,0.9493670886075949,4,CMGC,MAPK,ERK1,MAPK1
ERK,1.8125,5,KRSA,0.9493670886075949,4,CMGC,MAPK,ERK7,MAPK15
ERK,1.8125,5,KRSA,0.9493670886075949,4,CMGC,MAPK,ERK1,MAPK3
ERK,1.8125,5,KRSA,0.9493670886075949,4,CMGC,MAPK,ERK3,MAPK4
ERK,1.8125,5,KRSA,0.9493670886075949,4,CMGC,MAPK,ERK3,MAPK6
ERK,1.8125,5,KRSA,0.9493670886075949,4,CMGC,MAPK,ERK5,MAPK7
PKCH,1.81625,4,KRSA,0.9620253164556962,4,AGC,PKC,ETA,PRKCE
PKCH,1.81625,4,KRSA,0.9620253164556962,4,AGC,PKC,ETA,PRKCH
COT,1.32875,14,KRSA,0.8227848101265823,4,STE,STE-UNIQUE,NA,MAP3K8
VRK1,1.6625,6,KRSA,0.9367088607594937,4,CK1,VRK,NA,VRK1
BUD32,1.1325,18,KRSA,0.7721518987341772,4,OTHER,BUD32,NA,TP53RK
NMO,-1.64875,7,KRSA,0.9240506329113924,4,CMGC,MAPK,NMO,NLK
TAO,0.13375000000000004,70,KRSA,0.10126582278481013,1,STE,STE20,TAO,TAOK1
TAO,0.13375000000000004,70,KRSA,0.10126582278481013,1,STE,STE20,TAO,TAOK2
TAO,0.13375000000000004,70,KRSA,0.10126582278481013,1,STE,STE20,TAO,TAOK3
BRSK,2.32625,1,KRSA,1,4,CAMK,CAMKL,BRSK,BRSK1
BRSK,2.32625,1,KRSA,1,4,CAMK,CAMKL,BRSK,BRSK2
MLK,0.7424999999999999,31,KRSA,0.6075949367088608,3,TKL,MLK,ILK,ILK
MLK,0.7424999999999999,31,KRSA,0.6075949367088608,3,TKL,MLK,MLK,MAP3K10
MLK,0.7424999999999999,31,KRSA,0.6075949367088608,3,TKL,MLK,MLK,MAP3K11
MLK,0.7424999999999999,31,KRSA,0.6075949367088608,3,TKL,MLK,LZK,MAP3K12
MLK,0.7424999999999999,31,KRSA,0.6075949367088608,3,TKL,MLK,LZK,MAP3K13
MLK,0.7424999999999999,31,KRSA,0.6075949367088608,3,TKL,MLK,MLK,MAP3K9
MLK,0.7424999999999999,31,KRSA,0.6075949367088608,3,TKL,MLK,HH498,TNNI3K
IKK,-1.4925,10,KRSA,0.8734177215189873,4,OTHER,IKK,NA,CHUK
IKK,-1.4925,10,KRSA,0.8734177215189873,4,OTHER,IKK,NA,IKBKB
IKK,-1.4925,10,KRSA,0.8734177215189873,4,OTHER,IKK,NA,IKBKE
IKK,-1.4925,10,KRSA,0.8734177215189873,4,OTHER,IKK,NA,TBK1
SGK,-0.05499999999999997,76,KRSA,0.02531645569620253,1,AGC,SGK,NA,SGK1
SGK,-0.05499999999999997,76,KRSA,0.02531645569620253,1,AGC,SGK,NA,SGK2
SGK,-0.05499999999999997,76,KRSA,0.02531645569620253,1,AGC,SGK,NA,SGK3
RIPK,-1.52625,8,KRSA,0.9113924050632911,4,TKL,RIPK,NA,ANKK1
RIPK,-1.52625,8,KRSA,0.9113924050632911,4,TKL,RIPK,NA,RIPK1
RIPK,-1.52625,8,KRSA,0.9113924050632911,4,TKL,RIPK,NA,RIPK2
RIPK,-1.52625,8,KRSA,0.9113924050632911,4,TKL,RIPK,NA,RIPK3
RIPK,-1.52625,8,KRSA,0.9113924050632911,4,TKL,RIPK,NA,RIPK4
FRAY,-0.61875,41,KRSA,0.4810126582278481,2,STE,STE20,FRAY,OXSR1
FRAY,-0.61875,41,KRSA,0.4810126582278481,2,STE,STE20,FRAY,STK39
PKCA,-1.39875,12,KRSA,0.8481012658227848,4,AGC,PKC,ALPHA,PRKCA
PKCA,-1.39875,12,KRSA,0.8481012658227848,4,AGC,PKC,ALPHA,PRKCB
PKCA,-1.39875,12,KRSA,0.8481012658227848,4,AGC,PKC,ALPHA,PRKCG
AKT,-1.1725,17,KRSA,0.7848101265822784,4,AGC,AKT,NA,AKT1
AKT,-1.1725,17,KRSA,0.7848101265822784,4,AGC,AKT,NA,AKT2
AKT,-1.1725,17,KRSA,0.7848101265822784,4,AGC,AKT,NA,AKT3
MSN,-0.06500000000000007,75,KRSA,0.0379746835443038,1,STE,STE20,MSN,MAP4K4
MSN,-0.06500000000000007,75,KRSA,0.0379746835443038,1,STE,STE20,MSN,NRK
MSN,-0.06500000000000007,75,KRSA,0.0379746835443038,1,STE,STE20,MSN,TNIK
NDR,-0.70125,34,KRSA,0.569620253164557,3,AGC,NDR,NA,LATS1
NDR,-0.70125,34,KRSA,0.569620253164557,3,AGC,NDR,NA,LATS2
NDR,-0.70125,34,KRSA,0.569620253164557,3,AGC,NDR,NA,STK38
NDR,-0.70125,34,KRSA,0.569620253164557,3,AGC,NDR,NA,STK38L
JNK,1.2275,16,KRSA,0.7974683544303798,4,CMGC,MAPK,JNK,MAPK10
JNK,1.2275,16,KRSA,0.7974683544303798,4,CMGC,MAPK,JNK,MAPK8
JNK,1.2275,16,KRSA,0.7974683544303798,4,CMGC,MAPK,JNK,MAPK9
GRK,-0.77375,29,KRSA,0.6329113924050633,3,AGC,GRK,GRK,GRK1
GRK,-0.77375,29,KRSA,0.6329113924050633,3,AGC,GRK,GRK,GRK4
GRK,-0.77375,29,KRSA,0.6329113924050633,3,AGC,GRK,GRK,GRK5
GRK,-0.77375,29,KRSA,0.6329113924050633,3,AGC,GRK,GRK,GRK6
GRK,-0.77375,29,KRSA,0.6329113924050633,3,AGC,GRK,GRK,GRK7
PAKA,-1.06375,20,KRSA,0.7468354430379747,3,STE,STE20,PAKA,PAK1
PAKA,-1.06375,20,KRSA,0.7468354430379747,3,STE,STE20,PAKA,PAK2
PAKA,-1.06375,20,KRSA,0.7468354430379747,3,STE,STE20,PAKA,PAK3
MAPKAPK,-0.09,73,KRSA,0.06329113924050633,1,CAMK,MAPKAPK,MAPKAPK,MAPKAPK2
MAPKAPK,-0.09,73,KRSA,0.06329113924050633,1,CAMK,MAPKAPK,MAPKAPK,MAPKAPK3
MAPKAPK,-0.09,73,KRSA,0.06329113924050633,1,CAMK,MAPKAPK,MAPKAPK,MAPKAPK5
MAPKAPK,-0.09,73,KRSA,0.06329113924050633,1,CAMK,MAPKAPK,MNK,MKNK1
MAPKAPK,-0.09,73,KRSA,0.06329113924050633,1,CAMK,MAPKAPK,MNK,MKNK2
DMPK,-1.2575,15,KRSA,0.810126582278481,4,AGC,DMPK,GEK,CDC42BPA
DMPK,-1.2575,15,KRSA,0.810126582278481,4,AGC,DMPK,GEK,CDC42BPB
DMPK,-1.2575,15,KRSA,0.810126582278481,4,AGC,DMPK,GEK,CDC42BPG
DMPK,-1.2575,15,KRSA,0.810126582278481,4,AGC,DMPK,CRIK,CIT
DMPK,-1.2575,15,KRSA,0.810126582278481,4,AGC,DMPK,GEK,DMPK
DMPK,-1.2575,15,KRSA,0.810126582278481,4,AGC,DMPK,ROCK,ROCK1
DMPK,-1.2575,15,KRSA,0.810126582278481,4,AGC,DMPK,ROCK,ROCK2
CAMK1,-0.365,58,KRSA,0.25316455696202533,2,CAMK,CAMK1,NA,CAMK1
CAMK1,-0.365,58,KRSA,0.25316455696202533,2,CAMK,CAMK1,NA,CAMK1D
CAMK1,-0.365,58,KRSA,0.25316455696202533,2,CAMK,CAMK1,NA,CAMK1G
CAMK1,-0.365,58,KRSA,0.25316455696202533,2,CAMK,CAMK1,NA,CAMK4
CAMK1,-0.365,58,KRSA,0.25316455696202533,2,CAMK,CAMK1,NA,PNCK
BARK2,-0.15625000000000003,67,KRSA,0.13924050632911392,1,AGC,GRK,BARK,GRK3
HAL,0.09874999999999998,72,KRSA,0.0759493670886076,1,RGC,RGC,NA,NPR1
NUAK,0.46624999999999994,53,KRSA,0.31645569620253167,2,CAMK,CAMKL,NUAK,NUAK1
NUAK,0.46624999999999994,53,KRSA,0.31645569620253167,2,CAMK,CAMKL,NUAK,NUAK2
STE11,-0.96,23,KRSA,0.7088607594936709,3,STE,STE11,MEKK1,MAP3K1
STE11,-0.96,23,KRSA,0.7088607594936709,3,STE,STE11,ASK,MAP3K15
STE11,-0.96,23,KRSA,0.7088607594936709,3,STE,STE11,MEKK2,MAP3K2
STE11,-0.96,23,KRSA,0.7088607594936709,3,STE,STE11,MEKK2,MAP3K3
STE11,-0.96,23,KRSA,0.7088607594936709,3,STE,STE11,MEKK4,MAP3K4
STE11,-0.96,23,KRSA,0.7088607594936709,3,STE,STE11,ASK,MAP3K5
STE11,-0.96,23,KRSA,0.7088607594936709,3,STE,STE11,ASK,MAP3K6
STE11,-0.96,23,KRSA,0.7088607594936709,3,TKL,MLK,TAK1,MAP3K7
PAKB,0.9225,24,KRSA,0.6962025316455697,3,STE,STE20,PAKB,PAK4
PAKB,0.9225,24,KRSA,0.6962025316455697,3,STE,STE20,PAKB,PAK5
PAKB,0.9225,24,KRSA,0.6962025316455697,3,STE,STE20,PAKB,PAK6
TTK,0.4762499999999999,51,KRSA,0.34177215189873417,2,OTHER,TTK,NA,TTK
PRKDC,0.37875,57,KRSA,0.26582278481012656,2,ATYPICAL,PIKK,DNAPK,PRKDC
NAK,-0.24125,65,KRSA,0.16455696202531644,1,OTHER,NAK,BIKE,AAK1
NAK,-0.24125,65,KRSA,0.16455696202531644,1,OTHER,NAK,BIKE,BMP2K
NAK,-0.24125,65,KRSA,0.16455696202531644,1,OTHER,NAK,GAK,GAK
NAK,-0.24125,65,KRSA,0.16455696202531644,1,OTHER,NAK,MPSK,STK16
PKN,0.54125,45,KRSA,0.43037974683544306,2,AGC,PKN,NA,PKN1
PKN,0.54125,45,KRSA,0.43037974683544306,2,AGC,PKN,NA,PKN2
PKN,0.54125,45,KRSA,0.43037974683544306,2,AGC,PKN,NA,PKN3
PEK,0.05374999999999999,77,KRSA,0.012658227848101266,1,OTHER,PEK,HRI,EIF2AK1
PEK,0.05374999999999999,77,KRSA,0.012658227848101266,1,OTHER,PEK,PKR,EIF2AK2
PEK,0.05374999999999999,77,KRSA,0.012658227848101266,1,OTHER,PEK,PEK,EIF2AK3
PEK,0.05374999999999999,77,KRSA,0.012658227848101266,1,OTHER,PEK,GCN2,EIF2AK4
DAPK,0.45375,55,KRSA,0.2911392405063291,2,CAMK,DAPK,DAPK,DAPK1
DAPK,0.45375,55,KRSA,0.2911392405063291,2,CAMK,DAPK,DAPK,DAPK2
DAPK,0.45375,55,KRSA,0.2911392405063291,2,CAMK,DAPK,DAPK,DAPK3
DAPK,0.45375,55,KRSA,0.2911392405063291,2,CAMK,DAPK,DRAK,STK17A
DAPK,0.45375,55,KRSA,0.2911392405063291,2,CAMK,DAPK,DRAK,STK17B
RSK,-1.5125,9,KRSA,0.8860759493670886,4,AGC,RSK,RSK,RPS6KA1
RSK,-1.5125,9,KRSA,0.8860759493670886,4,AGC,RSK,RSK,RPS6KA2
RSK,-1.5125,9,KRSA,0.8860759493670886,4,AGC,RSK,RSK,RPS6KA3
RSK,-1.5125,9,KRSA,0.8860759493670886,4,AGC,RSK,MSK,RPS6KA4
RSK,-1.5125,9,KRSA,0.8860759493670886,4,AGC,RSK,MSK,RPS6KA5
RSK,-1.5125,9,KRSA,0.8860759493670886,4,AGC,RSK,RSK,RPS6KA6
RSK,-1.5125,9,KRSA,0.8860759493670886,4,AGC,RSK,P70,RPS6KB1
RSK,-1.5125,9,KRSA,0.8860759493670886,4,AGC,RSK,P70,RPS6KB2
QIK,-0.11375,71,KRSA,0.08860759493670886,1,CAMK,CAMKL,QIK,SIK1
QIK,-0.11375,71,KRSA,0.08860759493670886,1,CAMK,CAMKL,QIK,SIK2
CK1,-0.7649999999999999,30,KRSA,0.620253164556962,3,CK1,CK1,CK1-A,CSNK1A1
CK1,-0.7649999999999999,30,KRSA,0.620253164556962,3,CK1,CK1,CK1-A,CSNK1A1L
CK1,-0.7649999999999999,30,KRSA,0.620253164556962,3,CK1,CK1,CK1-D,CSNK1D
CK1,-0.7649999999999999,30,KRSA,0.620253164556962,3,CK1,CK1,CK1-D,CSNK1E
CK1,-0.7649999999999999,30,KRSA,0.620253164556962,3,CK1,CK1,CK1-G,CSNK1G1
CK1,-0.7649999999999999,30,KRSA,0.620253164556962,3,CK1,CK1,CK1-G,CSNK1G2
CK1,-0.7649999999999999,30,KRSA,0.620253164556962,3,CK1,CK1,CK1-G,CSNK1G3
CK1,-0.7649999999999999,30,KRSA,0.620253164556962,3,CK1,TTBK,NA,TTBK1
CK1,-0.7649999999999999,30,KRSA,0.620253164556962,3,CK1,TTBK,NA,TTBK2
CK1,-0.7649999999999999,30,KRSA,0.620253164556962,3,CK1,VRK,NA,VRK3
TLK,-0.6775,35,KRSA,0.5569620253164557,3,OTHER,TLK,NA,TLK1
TLK,-0.6775,35,KRSA,0.5569620253164557,3,OTHER,TLK,NA,TLK2
GSK,-0.29750000000000004,60,KRSA,0.22784810126582278,1,CMGC,GSK,NA,GSK3A
GSK,-0.29750000000000004,60,KRSA,0.22784810126582278,1,CMGC,GSK,NA,GSK3B
CHK1,0.6587500000000001,38,KRSA,0.5189873417721519,3,CAMK,CAMKL,CHK1,CHEK1
MTOR,-0.57875,43,KRSA,0.45569620253164556,2,ATYPICAL,PIKK,FRAP,MTOR
PLK,-0.45875,54,KRSA,0.3037974683544304,2,OTHER,PLK,PLK1,PLK1
PLK,-0.45875,54,KRSA,0.3037974683544304,2,OTHER,PLK,PLK2,PLK2
PLK,-0.45875,54,KRSA,0.3037974683544304,2,OTHER,PLK,PLK2,PLK3
PLK,-0.45875,54,KRSA,0.3037974683544304,2,OTHER,PLK,SAK,PLK4
PLK,-0.45875,54,KRSA,0.3037974683544304,2,NA,NA,NA,PLK5
CDK,0.58125,42,KRSA,0.46835443037974683,2,CMGC,CDK,CDC2,CDK1
CDK,0.58125,42,KRSA,0.46835443037974683,2,CMGC,CDK,CDK10,CDK10
CDK,0.58125,42,KRSA,0.46835443037974683,2,NA,NA,NA,CDK11A
CDK,0.58125,42,KRSA,0.46835443037974683,2,NA,NA,NA,CDK11B
CDK,0.58125,42,KRSA,0.46835443037974683,2,CMGC,CDK,CRK7,CDK12
CDK,0.58125,42,KRSA,0.46835443037974683,2,CMGC,CDK,CRK7,CDK13
CDK,0.58125,42,KRSA,0.46835443037974683,2,CMGC,CDK,PFTAIRE,CDK14
CDK,0.58125,42,KRSA,0.46835443037974683,2,CMGC,CDK,PFTAIRE,CDK15
CDK,0.58125,42,KRSA,0.46835443037974683,2,CMGC,CDK,PCTAIRE,CDK16
CDK,0.58125,42,KRSA,0.46835443037974683,2,CMGC,CDK,PCTAIRE,CDK17
CDK,0.58125,42,KRSA,0.46835443037974683,2,CMGC,CDK,PCTAIRE,CDK18
CDK,0.58125,42,KRSA,0.46835443037974683,2,CMGC,CDK,CDK8,CDK19
CDK,0.58125,42,KRSA,0.46835443037974683,2,CMGC,CDK,CDC2,CDK2
CDK,0.58125,42,KRSA,0.46835443037974683,2,CMGC,CDK,CCRK,CDK20
CDK,0.58125,42,KRSA,0.46835443037974683,2,CMGC,CDK,CDC2,CDK3
CDK,0.58125,42,KRSA,0.46835443037974683,2,CMGC,CDK,CDK4,CDK4
CDK,0.58125,42,KRSA,0.46835443037974683,2,CMGC,CDK,CDK5,CDK5
CDK,0.58125,42,KRSA,0.46835443037974683,2,CMGC,CDK,CDK4,CDK6
CDK,0.58125,42,KRSA,0.46835443037974683,2,CMGC,CDK,CDK7,CDK7
CDK,0.58125,42,KRSA,0.46835443037974683,2,CMGC,CDK,CDK8,CDK8
CDK,0.58125,42,KRSA,0.46835443037974683,2,CMGC,CDK,CDK9,CDK9
KHS,0.34874999999999995,59,KRSA,0.24050632911392406,1,STE,STE20,KHS,MAP4K1
KHS,0.34874999999999995,59,KRSA,0.24050632911392406,1,STE,STE20,KHS,MAP4K2
KHS,0.34874999999999995,59,KRSA,0.24050632911392406,1,STE,STE20,KHS,MAP4K3
KHS,0.34874999999999995,59,KRSA,0.24050632911392406,1,STE,STE20,KHS,MAP4K5
WNK,0.7074999999999999,33,KRSA,0.5822784810126582,3,OTHER,WNK,NA,WNK1
WNK,0.7074999999999999,33,KRSA,0.5822784810126582,3,OTHER,WNK,NA,WNK2
WNK,0.7074999999999999,33,KRSA,0.5822784810126582,3,OTHER,WNK,NA,WNK3
WNK,0.7074999999999999,33,KRSA,0.5822784810126582,3,OTHER,WNK,NA,WNK4
CLK,-0.48625,47,KRSA,0.4050632911392405,2,CMGC,CLK,NA,CLK1
CLK,-0.48625,47,KRSA,0.4050632911392405,2,CMGC,CLK,NA,CLK2
CLK,-0.48625,47,KRSA,0.4050632911392405,2,CMGC,CLK,NA,CLK3
CLK,-0.48625,47,KRSA,0.4050632911392405,2,CMGC,CLK,NA,CLK4
NIK,-0.48375,48,KRSA,0.3924050632911392,2,STE,STE-UNIQUE,NA,MAP3K14
MOS,-0.4875,46,KRSA,0.4177215189873418,2,OTHER,MOS,NA,MOS
SLK,-0.47875,49,KRSA,0.379746835443038,2,STE,STE20,SLK,SLK
SLK,-0.47875,49,KRSA,0.379746835443038,2,STE,STE20,SLK,STK10
CAMKK,-0.47625,50,KRSA,0.35443037974683544,2,OTHER,CAMKK,META,CAMKK1
CAMKK,-0.47625,50,KRSA,0.35443037974683544,2,OTHER,CAMKK,META,CAMKK2
IRAK,0.28375,62,KRSA,0.20253164556962025,1,TKL,IRAK,NA,IRAK1
IRAK,0.28375,62,KRSA,0.20253164556962025,1,TKL,IRAK,NA,IRAK2
IRAK,0.28375,62,KRSA,0.20253164556962025,1,TKL,IRAK,NA,IRAK3
IRAK,0.28375,62,KRSA,0.20253164556962025,1,TKL,IRAK,NA,IRAK4
PASK,-0.47625,50,KRSA,0.35443037974683544,2,CAMK,CAMKL,PASK,PASK
ULK,-0.47375,52,KRSA,0.3291139240506329,2,OTHER,ULK,FUSED,STK36
ULK,-0.47375,52,KRSA,0.3291139240506329,2,OTHER,ULK,ULK,ULK1
ULK,-0.47375,52,KRSA,0.3291139240506329,2,OTHER,ULK,ULK,ULK2
ULK,-0.47375,52,KRSA,0.3291139240506329,2,OTHER,ULK,ULK,ULK3
ULK,-0.47375,52,KRSA,0.3291139240506329,2,OTHER,ULK,ULK,ULK4
P38,0.9125,25,KRSA,0.6835443037974683,3,CMGC,MAPK,P38,MAPK11
P38,0.9125,25,KRSA,0.6835443037974683,3,CMGC,MAPK,P38,MAPK12
P38,0.9125,25,KRSA,0.6835443037974683,3,CMGC,MAPK,P38,MAPK13
P38,0.9125,25,KRSA,0.6835443037974683,3,CMGC,MAPK,P38,MAPK14
STKR,-0.27375,63,KRSA,0.189873417721519,1,TKL,STKR,TYPE1,ACVR1
STKR,-0.27375,63,KRSA,0.189873417721519,1,TKL,STKR,TYPE1,ACVR1B
STKR,-0.27375,63,KRSA,0.189873417721519,1,TKL,STKR,TYPE1,ACVR1C
STKR,-0.27375,63,KRSA,0.189873417721519,1,TKL,STKR,TYPE2,ACVR2A
STKR,-0.27375,63,KRSA,0.189873417721519,1,TKL,STKR,TYPE2,ACVR2B
STKR,-0.27375,63,KRSA,0.189873417721519,1,TKL,STKR,TYPE1,ACVRL1
STKR,-0.27375,63,KRSA,0.189873417721519,1,TKL,STKR,TYPE2,AMHR2
STKR,-0.27375,63,KRSA,0.189873417721519,1,TKL,STKR,TYPE1,BMPR1A
STKR,-0.27375,63,KRSA,0.189873417721519,1,TKL,STKR,TYPE1,BMPR1B
STKR,-0.27375,63,KRSA,0.189873417721519,1,TKL,STKR,TYPE2,BMPR2
STKR,-0.27375,63,KRSA,0.189873417721519,1,TKL,STKR,TYPE1,TGFBR1
STKR,-0.27375,63,KRSA,0.189873417721519,1,TKL,STKR,TYPE2,TGFBR2
AUR,-0.27,64,KRSA,0.17721518987341772,1,OTHER,AUR,NA,AURKA
AUR,-0.27,64,KRSA,0.17721518987341772,1,OTHER,AUR,NA,AURKB
AUR,-0.27,64,KRSA,0.17721518987341772,1,OTHER,AUR,NA,AURKC
PKCI,-0.55375,44,KRSA,0.4430379746835443,2,AGC,PKC,IOTA,PRKCI
PKCI,-0.55375,44,KRSA,0.4430379746835443,2,AGC,PKC,IOTA,PRKCZ
LKB,-0.15125,68,KRSA,0.12658227848101267,1,CAMK,CAMKL,LKB,STK11
PIM,-0.6599999999999999,37,KRSA,0.5316455696202531,3,CAMK,PIM,NA,PIM1
PIM,-0.6599999999999999,37,KRSA,0.5316455696202531,3,CAMK,PIM,NA,PIM2
PIM,-0.6599999999999999,37,KRSA,0.5316455696202531,3,CAMK,PIM,NA,PIM3
MELK,-0.86,26,KRSA,0.6708860759493671,3,CAMK,CAMKL,MELK,MELK
PDK1,0.73875,32,KRSA,0.5949367088607594,3,ATYPICAL,PDHK,PDHK,PDK1
PDK1,0.73875,32,KRSA,0.5949367088607594,3,AGC,PDK1,NA,PDPK1
RAF,-0.7887500000000001,28,KRSA,0.6455696202531646,3,TKL,RAF,RAF,ARAF
RAF,-0.7887500000000001,28,KRSA,0.6455696202531646,3,TKL,RAF,RAF,BRAF
RAF,-0.7887500000000001,28,KRSA,0.6455696202531646,3,TKL,RAF,KSR,KSR1
RAF,-0.7887500000000001,28,KRSA,0.6455696202531646,3,TKL,RAF,KSR,KSR2
RAF,-0.7887500000000001,28,KRSA,0.6455696202531646,3,TKL,RAF,RAF,RAF1
AMPK,-0.65375,39,KRSA,0.5063291139240507,3,CAMK,CAMKL,AMPK,PRKAA1
AMPK,-0.65375,39,KRSA,0.5063291139240507,3,CAMK,CAMKL,AMPK,PRKAA2
STE7,-0.4025,56,KRSA,0.27848101265822783,2,STE,STE7,MEK1,MAP2K1
STE7,-0.4025,56,KRSA,0.27848101265822783,2,STE,STE7,MEK1,MAP2K2
STE7,-0.4025,56,KRSA,0.27848101265822783,2,STE,STE7,MEK3,MAP2K3
STE7,-0.4025,56,KRSA,0.27848101265822783,2,STE,STE7,MEK4,MAP2K4
STE7,-0.4025,56,KRSA,0.27848101265822783,2,STE,STE7,MEK5,MAP2K5
STE7,-0.4025,56,KRSA,0.27848101265822783,2,STE,STE7,MEK3,MAP2K6
STE7,-0.4025,56,KRSA,0.27848101265822783,2,STE,STE7,MEK7,MAP2K7
RAD53,0.07999999999999999,74,KRSA,0.05063291139240506,1,CAMK,RAD53,NA,CHEK2
CK2,-0.63375,40,KRSA,0.4936708860759494,2,CMGC,CK2,NA,CSNK2A1
CK2,-0.63375,40,KRSA,0.4936708860759494,2,CMGC,CK2,NA,CSNK2A2
CK2,-0.63375,40,KRSA,0.4936708860759494,2,NA,NA,NA,CSNK2A3
NEK,-0.8,27,KRSA,0.6582278481012658,3,OTHER,NEK,NEK11,NEK11
NEK,-0.8,27,KRSA,0.6582278481012658,3,OTHER,NEK,NEK2,NEK2
NEK,-0.8,27,KRSA,0.6582278481012658,3,OTHER,NEK,NEK1,NEK3
NEK,-0.8,27,KRSA,0.6582278481012658,3,OTHER,NEK,NEK4,NEK4
NEK,-0.8,27,KRSA,0.6582278481012658,3,OTHER,NEK,NEK1,NEK5
NEK,-0.8,27,KRSA,0.6582278481012658,3,OTHER,NEK,NEK6,NEK6
NEK,-0.8,27,KRSA,0.6582278481012658,3,OTHER,NEK,NEK6,NEK7
NEK,-0.8,27,KRSA,0.6582278481012658,3,OTHER,NEK,NEK8,NEK8
NEK,-0.8,27,KRSA,0.6582278481012658,3,OTHER,NEK,NEK8,NEK9
ATM,-0.14500000000000005,69,KRSA,0.11392405063291139,1,ATYPICAL,PIKK,ATM,ATM
CAMK2,-1.11375,19,KRSA,0.759493670886076,4,CAMK,CAMK2,NA,CAMK2A
CAMK2,-1.11375,19,KRSA,0.759493670886076,4,CAMK,CAMK2,NA,CAMK2B
CAMK2,-1.11375,19,KRSA,0.759493670886076,4,CAMK,CAMK2,NA,CAMK2D
CAMK2,-1.11375,19,KRSA,0.759493670886076,4,CAMK,CAMK2,NA,CAMK2G
PKCD,-0.28625,61,KRSA,0.21518987341772153,1,AGC,PKC,DELTA,PRKCD
PKCD,-0.28625,61,KRSA,0.21518987341772153,1,AGC,PKC,DELTA,PRKCQ
ATR,-0.03249999999999997,78,KRSA,0,1,ATYPICAL,PIKK,ATR,ATR
PHK,-1.0175,21,KRSA,0.7341772151898734,3,CAMK,PHK,NA,PHKG1
PHK,-1.0175,21,KRSA,0.7341772151898734,3,CAMK,PHK,NA,PHKG2
PDHK,-0.21875,66,KRSA,0.1518987341772152,1,ATYPICAL,PDHK,BCKDK,BCKDK
PDHK,-0.21875,66,KRSA,0.1518987341772152,1,ATYPICAL,PDHK,PDHK,PDK2
PDHK,-0.21875,66,KRSA,0.1518987341772152,1,ATYPICAL,PDHK,PDHK,PDK3
PDHK,-0.21875,66,KRSA,0.1518987341772152,1,ATYPICAL,PDHK,PDHK,PDK4
