Group,Barcode,SampleName,Peptide,slope,r.seq,nobs
STR_CTL,640091210,STR_CTL_640091210,ACHD_383_395,3.488825403632107,0.9528840201329638,5
STR_CTL,640091210,STR_CTL_640091210,AMPE_5_17,4.302746681683742,0.9891565938288235,5
STR_CTL,640091210,STR_CTL_640091210,ANXA2_17_29,6.950459610545918,0.9999721893951066,5
STR_CTL,640091210,STR_CTL_640091210,C1R_199_211,4.907797665767849,0.9997910585707458,5
STR_CTL,640091210,STR_CTL_640091210,CALM_95_107,6.457574469647667,0.9997476781412596,5
STR_CTL,640091210,STR_CTL_640091210,CBL_693_705,7.492911289418058,0.9999423919528218,5
STR_CTL,640091210,STR_CTL_640091210,CD3Z_116_128,8.159204942937235,0.999881091610292,5
STR_CTL,640091210,STR_CTL_640091210,CD3Z_146_158,6.763682152132912,0.9995289875054661,5
STR_CTL,640091210,STR_CTL_640091210,CDK7_157_169,5.663860151449967,0.9973338471973003,5
STR_CTL,640091210,STR_CTL_640091210,CRK_214_226,6.110889531145361,0.9995723111512734,5
STR_CTL,640091210,STR_CTL_640091210,CTNB1_79_91,7.821503253862936,0.9999418482017537,5
STR_CTL,640091210,STR_CTL_640091210,DCX_67_79,7.005730462275517,0.999917466975474,5
STR_CTL,640091210,STR_CTL_640091210,DYR1A_312_324,5.15548653182517,0.9968435197032087,5
STR_CTL,640091210,STR_CTL_640091210,EGFR_1103_1115,7.916499177921632,0.999918009028703,5
STR_CTL,640091210,STR_CTL_640091210,EGFR_1190_1202,5.69203972328469,0.9993850020366817,5
STR_CTL,640091210,STR_CTL_640091210,EGFR_862_874,5.910062849214654,0.9982337979388576,5
STR_CTL,640091210,STR_CTL_640091210,EPHA4_589_601,4.629631550054885,0.991397700831663,5
STR_CTL,640091210,STR_CTL_640091210,EPHB1_921_933,4.646032200806994,0.9959554997511425,5
STR_CTL,640091210,STR_CTL_640091210,EPHB4_583_595,3.8831043427441534,0.9647314949201742,5
STR_CTL,640091210,STR_CTL_640091210,ERBB2_870_882,8.414027003752421,0.9996520149629345,5
STR_CTL,640091210,STR_CTL_640091210,ERBB4_1181_1193,5.371427355839994,0.997619955565872,5
STR_CTL,640091210,STR_CTL_640091210,FAK1_569_581,7.5182263200726664,0.9998733855572894,5
STR_CTL,640091210,STR_CTL_640091210,FAK2_572_584,9.106106104194255,0.9999155910922165,5
STR_CTL,640091210,STR_CTL_640091210,INSR_992_1004,5.763431619000236,0.9990382830598484,5
STR_CTL,640091210,STR_CTL_640091210,JAK2_563_577,8.883738380407918,0.9999750385657749,5
STR_CTL,640091210,STR_CTL_640091210,K2C6B_53_65,7.582124225084307,0.9999586615814465,5
STR_CTL,640091210,STR_CTL_640091210,K2C8_425_437,6.6188702671875035,0.9999340715307308,5
STR_CTL,640091210,STR_CTL_640091210,LAT_194_206,6.559214731523505,0.9991961632153471,5
STR_CTL,640091210,STR_CTL_640091210,LAT_249_261,8.743881752042377,0.999965842022803,5
STR_CTL,640091210,STR_CTL_640091210,MBP_259_271,4.00170028898984,0.9956089947236111,5
STR_CTL,640091210,STR_CTL_640091210,MK01_180_192,5.29721910771531,0.9939889959993774,5
STR_CTL,640091210,STR_CTL_640091210,MK07_212_224,5.655243806071911,0.9942264624766747,5
STR_CTL,640091210,STR_CTL_640091210,MK10_216_228,7.161963715739629,0.9997289310721349,5
STR_CTL,640091210,STR_CTL_640091210,NCF1_313_325,6.565551194274936,0.9987800808364888,5
STR_CTL,640091210,STR_CTL_640091210,NPT2A_501_513,3.8266683971144384,0.9990530704543849,5
STR_CTL,640091210,STR_CTL_640091210,NTRK2_696_708,7.816319551878459,0.9996893617611501,5
STR_CTL,640091210,STR_CTL_640091210,PGFRB_1002_1014,8.064361472615762,0.9999092797960427,5
STR_CTL,640091210,STR_CTL_640091210,PGFRB_709_721,8.47924642682009,0.9999525822545824,5
STR_CTL,640091210,STR_CTL_640091210,PGFRB_768_780,7.109707478608206,0.9996625030853262,5
STR_CTL,640091210,STR_CTL_640091210,PGFRB_771_783,7.899385425951649,0.9998815806004995,5
STR_CTL,640091210,STR_CTL_640091210,PLCG1_1246_1258,5.1924324008518825,0.9986609516921572,5
STR_CTL,640091210,STR_CTL_640091210,PRGR_786_798,7.15548653182517,0.9989974878579215,5
STR_CTL,640091210,STR_CTL_640091210,PP2AB_297_309,5.476039248676264,0.997982651050101,5
STR_CTL,640091210,STR_CTL_640091210,PRRX2_202_214,8.50315068766406,0.9998114975771274,5
STR_CTL,640091210,STR_CTL_640091210,PTN11_539_551,4.973386007395425,0.9963072776280323,5
STR_CTL,640091210,STR_CTL_640091210,RB_804_816,6.2280926235249,0.9993124030188173,5
STR_CTL,640091210,STR_CTL_640091210,RBL2_99_111,4.875705890422993,0.9961145076483802,5
STR_CTL,640091210,STR_CTL_640091210,RON_1346_1358,7.267316715885858,0.9998427510482889,5
STR_CTL,640091210,STR_CTL_640091210,STAT4_714_726,6.582692327096329,0.9992882804809954,5
STR_CTL,640091210,STR_CTL_640091210,RAF1_332_344,8.335390354693924,0.999872878444307,5
STR_CTL,640091210,STR_CTL_640091210,TNNT1_2_14,4.616375453352618,0.9986468040347694,5
STR_CTL,640091210,STR_CTL_640091210,TYRO3_679_691,7.486702231739137,0.9995144894922381,5
STR_CTL,640091210,STR_CTL_640091210,VGFR1_1040_1052,6.761927505876099,0.9993353169718895,5
STR_CTL,640091210,STR_CTL_640091210,VGFR2_1046_1058,6.757405734677325,0.9996678593406807,5
STR_CTL,640091210,STR_CTL_640091210,VGFR2_944_956,5.093056238058042,0.9949230507299692,5
STR_CTL,640091210,STR_CTL_640091210,VGFR3_1061_1073,6.545875144651066,0.9964357607186016,5
STR_CTL,640091210,STR_CTL_640091210,VINC_815_827,4.544709330413171,0.9990004570085526,5
STR_CTL,640091210,STR_CTL_640091210,ZAP70_485_497,8.63045602576504,0.9999777550018776,5
STR_CTL,640091210,STR_CTL_640091210,ZBT16_621_633,5.8409856999388845,0.999543409655543,5
STR_CTL,640091210,STR_CTL_640091210,FGFR1_761_773,5.7361146976267134,0.9988579116993648,5
STR_CTL,640091210,STR_CTL_640091210,PGFRB_1014_1028,8.812207584018902,0.9999909194718359,5
STR_CTL,640091210,STR_CTL_640091210,ERBB2_1241_1253,8.150322089306071,0.9999665006930952,5
STR_CTL,640091210,STR_CTL_640091210,KSYK_518_530,6.514360495739244,0.9989087080797304,5
STR_CTL,640091210,STR_CTL_640091210,MK12_178_190,5.710871398015062,0.999446983570328,5
STR_CTL,640091210,STR_CTL_640091210,TEC_512_524,8.099124469552025,0.9999493842356253,5
STR_CTL,640091210,STR_CTL_640091210,VGFR2_1168_1180,5.798089652498538,0.9937428011189118,5
STR_CTL,640091210,STR_CTL_640091210,ANXA1_14_26,8.96665508296279,0.9999430780528689,5
STR_CTL,640091210,STR_CTL_640091210,EGFR_1165_1177,6.719162771646453,0.9998671164526762,5
STR_CTL,640091210,STR_CTL_640091210,EPOR_419_431,8.253825191071376,0.9999611596106562,5
STR_CTL,640091210,STR_CTL_640091210,ERBB4_1277_1289,5.827147936770138,0.998665479838256,5
STR_CTL,640091210,STR_CTL_640091210,FGFR2_762_774,7.577143766774025,0.9996788349091981,5
STR_CTL,640091210,STR_CTL_640091210,FGFR3_753_765,7.844069143041378,0.9997365830324311,5
STR_CTL,640091210,STR_CTL_640091210,AKT1_309_321_C310S,6.99701966389916,0.9997822998904082,5
STR_CTL,640091210,STR_CTL_640091210,AKT1_320_332,7.593021085771361,0.999484662724252,5
STR_CTL,640091210,STR_CTL_640091210,ARAF_297_307,7.7527435430561,0.9999592188414616,5
STR_CTL,640091210,STR_CTL_640091210,BTLA_252_262,7.805044177135628,0.9999369334930553,5
STR_CTL,640091210,STR_CTL_640091210,CD28_185_197,4.13781281628856,0.9966214050192342,5
STR_CTL,640091210,STR_CTL_640091210,CD28_203_215,6.729460424509337,0.9994484755661152,5
STR_CTL,640091210,STR_CTL_640091210,CD3E_193_205,7.541060077086637,0.9997809415113117,5
STR_CTL,640091210,STR_CTL_640091210,CD3Z_135_147,7.896418090749786,0.9998503607587298,5
STR_CTL,640091210,STR_CTL_640091210,CD3Z_147_159,6.400396148340345,0.9988109564821336,5
STR_CTL,640091210,STR_CTL_640091210,CD70_9_21_C17S,7.557192733938293,0.999918152288926,5
STR_CTL,640091210,STR_CTL_640091210,CDK4_11_23,8.91706240066581,0.9999589281940521,5
STR_CTL,640091210,STR_CTL_640091210,GAB2_638_648,5.83479897248612,0.9975346769516551,5
STR_CTL,640091210,STR_CTL_640091210,GSK3B_210_222_C218S,6.746546009569433,0.9995003960971088,5
STR_CTL,640091210,STR_CTL_640091210,JAK3_974_986,8.53813401373517,0.9997747209594323,5
STR_CTL,640091210,STR_CTL_640091210,MAPK3_198_210_C203S,6.809783293344445,0.999736061135186,5
STR_CTL,640091210,STR_CTL_640091210,MET_1228_1240,8.53923198307269,0.9999926407596197,5
STR_CTL,640091210,STR_CTL_640091210,MK03_199_208,6.458503342975745,0.9994250007590597,5
STR_CTL,640091210,STR_CTL_640091210,MK08_181_191,6.767434937672783,0.9991727076232937,5
STR_CTL,640091210,STR_CTL_640091210,MK12_180_189_M182B,5.0435690149373995,0.9970774622608878,5
STR_CTL,640091210,STR_CTL_640091210,MK14_177_187,5.002549682621021,0.9868485198644819,5
STR_CTL,640091210,STR_CTL_640091210,PDCD1_221_229_FS219_220KK,7.402810970710019,0.9998957258019908,5
STR_CTL,640091210,STR_CTL_640091210,PTN11_541_551,4.463138759968457,0.9826284226875287,5
STR_CTL,640091210,STR_CTL_640091210,SHC1_309_321,4.977711932798216,0.9975498524546186,5
STR_CTL,640091210,STR_CTL_640091210,STAT2_684_696,4.324647596240955,0.9971919152623296,5
STR_CTL,640091210,STR_CTL_640091210,TIE2_986_998,3.8922993709442872,0.981209701693519,5
STR_CTL,640091210,STR_CTL_640091210,TYK2_1048_1060,7.420079387496991,0.9997200630953103,5
STR_CTL,640091210,STR_CTL_640091210,VISTA_260_270,7.3091116495603305,0.9980727020063735,5
STR_CTL,640091210,STR_CTL_640091210,YES_420_432,8.932688319311483,0.9999608980190551,5
STR_CTL,640091210,STR_CTL_640091210,CD3Z_77_89,7.8430025429707815,0.9993913335436706,5
STR_CTL,640091210,STR_CTL_640091210,CD3Z_117_129,8.550456402442418,0.9999846047760599,5
STR_CTL,640091210,STR_CTL_640091210,GAB1_622_632,6.659827646148094,0.9996968419557645,5
STR_CTL,640091210,STR_CTL_640091210,IRS1_890_902,7.007635569348336,0.9987850281453449,5
STR_CTL,640091210,STR_CTL_640091210,PTN11_580_590,8.826368603866703,0.9999207281450428,5
STR_Exer,640091210,STR_Exer_640091210,ACHD_383_395,4.204294297405187,0.9895594028612897,5
STR_Exer,640091210,STR_Exer_640091210,AMPE_5_17,3.7025320971023326,0.9607506810614469,5
STR_Exer,640091210,STR_Exer_640091210,ANXA2_17_29,6.636761401301361,0.9997956921378136,5
STR_Exer,640091210,STR_Exer_640091210,C1R_199_211,4.450744396443273,0.9950893022497795,5
STR_Exer,640091210,STR_Exer_640091210,CALM_95_107,6.029052771602249,0.9991592846537545,5
STR_Exer,640091210,STR_Exer_640091210,CBL_693_705,7.314422925230493,0.9997740445712677,5
STR_Exer,640091210,STR_Exer_640091210,CD3Z_116_128,8.058042792514076,0.9997837479263003,5
STR_Exer,640091210,STR_Exer_640091210,CD3Z_146_158,6.188332244249011,0.9963001127140066,5
STR_Exer,640091210,STR_Exer_640091210,CDK7_157_169,4.657941946078262,0.9891124064200668,5
STR_Exer,640091210,STR_Exer_640091210,CRK_214_226,5.900069329752505,0.9995993509785216,5
STR_Exer,640091210,STR_Exer_640091210,CTNB1_79_91,7.490642781627072,0.9997207881660659,5
STR_Exer,640091210,STR_Exer_640091210,DCX_67_79,6.782349216334978,0.9996735657261048,5
STR_Exer,640091210,STR_Exer_640091210,DYR1A_312_324,4.943620612148686,0.9960650323701543,5
STR_Exer,640091210,STR_Exer_640091210,EGFR_1103_1115,7.42071500598547,0.9994059280908669,5
STR_Exer,640091210,STR_Exer_640091210,EGFR_1190_1202,5.054258739268009,0.9979825512729332,5
STR_Exer,640091210,STR_Exer_640091210,EGFR_862_874,5.842883983161298,0.9957189663799086,5
STR_Exer,640091210,STR_Exer_640091210,EPHA4_589_601,4.544709330413171,0.9976196685399851,5
STR_Exer,640091210,STR_Exer_640091210,EPHB1_921_933,3.92313123661573,0.9964483906770255,5
STR_Exer,640091210,STR_Exer_640091210,EPHB4_583_595,2.951559644942247,0.9553307569902251,5
STR_Exer,640091210,STR_Exer_640091210,ERBB2_870_882,8.223364260403773,0.9997524781274659,5
STR_Exer,640091210,STR_Exer_640091210,ERBB4_1181_1193,4.979438677517684,0.9965401081528114,5
STR_Exer,640091210,STR_Exer_640091210,FAK1_569_581,7.228818690495881,0.9996814432298303,5
STR_Exer,640091210,STR_Exer_640091210,FAK2_572_584,8.988148747451433,0.9999893093476916,5
STR_Exer,640091210,STR_Exer_640091210,INSR_992_1004,5.322608450967356,0.9958936861190254,5
STR_Exer,640091210,STR_Exer_640091210,JAK2_563_577,8.662046918761424,0.9999845115833353,5
STR_Exer,640091210,STR_Exer_640091210,K2C6B_53_65,6.884256931317792,0.9997903762311794,5
STR_Exer,640091210,STR_Exer_640091210,K2C8_425_437,6.040263870213727,0.9979128235119454,5
STR_Exer,640091210,STR_Exer_640091210,LAT_194_206,6.477567365587366,0.9973735852633546,5
STR_Exer,640091210,STR_Exer_640091210,LAT_249_261,8.481761360308669,0.9998809826011387,5
STR_Exer,640091210,STR_Exer_640091210,MBP_259_271,4.171436468359912,0.9883985564574687,5
STR_Exer,640091210,STR_Exer_640091210,MK01_180_192,4.9285044087145815,0.9977845701284673,5
STR_Exer,640091210,STR_Exer_640091210,MK07_212_224,4.344882079981009,0.995698490909403,5
STR_Exer,640091210,STR_Exer_640091210,MK10_216_228,6.748319451760652,0.9997042197186239,5
STR_Exer,640091210,STR_Exer_640091210,NCF1_313_325,6.068930340703961,0.999271742159151,5
STR_Exer,640091210,STR_Exer_640091210,NPT2A_501_513,4.064869839737865,0.9969575630092374,5
STR_Exer,640091210,STR_Exer_640091210,NTRK2_696_708,7.546457698683164,0.9998948245338937,5
STR_Exer,640091210,STR_Exer_640091210,PGFRB_1002_1014,7.6862362247109415,0.9999484413234736,5
STR_Exer,640091210,STR_Exer_640091210,PGFRB_709_721,7.992965049030526,0.9997698550727498,5
STR_Exer,640091210,STR_Exer_640091210,PGFRB_768_780,6.79343460799506,0.9992419813778193,5
STR_Exer,640091210,STR_Exer_640091210,PGFRB_771_783,7.648476296519642,0.9997197155498283,5
STR_Exer,640091210,STR_Exer_640091210,PLCG1_1246_1258,4.455714926910019,0.9487051974468683,5
STR_Exer,640091210,STR_Exer_640091210,PRGR_786_798,7.149363678959996,0.9993488851927342,5
STR_Exer,640091210,STR_Exer_640091210,PP2AB_297_309,4.58949215920167,0.994184527080662,5
STR_Exer,640091210,STR_Exer_640091210,PRRX2_202_214,8.093853527407369,0.9998320026028867,5
STR_Exer,640091210,STR_Exer_640091210,PTN11_539_551,4.391020618160309,0.9983320011948877,5
STR_Exer,640091210,STR_Exer_640091210,RB_804_816,5.690986276694701,0.9974339835522683,5
STR_Exer,640091210,STR_Exer_640091210,RBL2_99_111,3.496081219634906,0.9864393688624077,5
STR_Exer,640091210,STR_Exer_640091210,RON_1346_1358,6.6271552921058605,0.9997108365452488,5
STR_Exer,640091210,STR_Exer_640091210,STAT4_714_726,5.901891489819034,0.9852448160298873,5
STR_Exer,640091210,STR_Exer_640091210,RAF1_332_344,8.103683690980436,0.9999514531499138,5
STR_Exer,640091210,STR_Exer_640091210,TNNT1_2_14,3.807354922057604,0.9645311049210771,5
STR_Exer,640091210,STR_Exer_640091210,TYRO3_679_691,7.32311850755421,0.9997432116819324,5
STR_Exer,640091210,STR_Exer_640091210,VGFR1_1040_1052,6.425314884126214,0.9995969915770517,5
STR_Exer,640091210,STR_Exer_640091210,VGFR2_1046_1058,7.0693357629465865,0.9999171898546915,5
STR_Exer,640091210,STR_Exer_640091210,VGFR2_944_956,3.1699250014423126,0.9604026845637584,5
STR_Exer,640091210,STR_Exer_640091210,VGFR3_1061_1073,6.406505865657727,0.9998336085091144,5
STR_Exer,640091210,STR_Exer_640091210,VINC_815_827,3.809297945975397,0.8672788399604103,5
STR_Exer,640091210,STR_Exer_640091210,ZAP70_485_497,8.307222293322711,0.999941366696674,5
STR_Exer,640091210,STR_Exer_640091210,ZBT16_621_633,5.218985819893199,0.9986714028694007,5
STR_Exer,640091210,STR_Exer_640091210,FGFR1_761_773,5.496081219634906,0.9982054972566056,5
STR_Exer,640091210,STR_Exer_640091210,PGFRB_1014_1028,8.649764568525203,0.9999675803472687,5
STR_Exer,640091210,STR_Exer_640091210,ERBB2_1241_1253,7.9201000097814465,0.9996650707718544,5
STR_Exer,640091210,STR_Exer_640091210,KSYK_518_530,6.197633985310355,0.9995845000690298,5
STR_Exer,640091210,STR_Exer_640091210,MK12_178_190,4.837181623797115,0.9894021493139524,5
STR_Exer,640091210,STR_Exer_640091210,TEC_512_524,7.93630458627473,0.9998286913002519,5
STR_Exer,640091210,STR_Exer_640091210,VGFR2_1168_1180,5.668684326618659,0.9984705098529443,5
STR_Exer,640091210,STR_Exer_640091210,ANXA1_14_26,8.809176583616471,0.9999305182989209,5
STR_Exer,640091210,STR_Exer_640091210,EGFR_1165_1177,6.464680595148756,0.9997326808293966,5
STR_Exer,640091210,STR_Exer_640091210,EPOR_419_431,8.055998590909734,0.9999927872216308,5
STR_Exer,640091210,STR_Exer_640091210,ERBB4_1277_1289,5.889087773088766,0.9982233918554673,5
STR_Exer,640091210,STR_Exer_640091210,FGFR2_762_774,7.502700478566667,0.9997693369660561,5
STR_Exer,640091210,STR_Exer_640091210,FGFR3_753_765,7.6800111366112445,0.9996570445241318,5
STR_Exer,640091210,STR_Exer_640091210,AKT1_309_321_C310S,6.575860293613904,0.9992403421548344,5
STR_Exer,640091210,STR_Exer_640091210,AKT1_320_332,7.2572099189037,0.9995092740156365,5
STR_Exer,640091210,STR_Exer_640091210,ARAF_297_307,7.6353930098102785,0.9998103366951319,5
STR_Exer,640091210,STR_Exer_640091210,BTLA_252_262,7.191873974275957,0.9997814024045568,5
STR_Exer,640091210,STR_Exer_640091210,CD28_185_197,2.8719923876239286,0.9862683438155135,5
STR_Exer,640091210,STR_Exer_640091210,CD28_203_215,6.559791924986251,0.999720478154308,5
STR_Exer,640091210,STR_Exer_640091210,CD3E_193_205,7.113643893167376,0.9998827064811351,5
STR_Exer,640091210,STR_Exer_640091210,CD3Z_135_147,7.572432105765021,0.9999458993399543,5
STR_Exer,640091210,STR_Exer_640091210,CD3Z_147_159,5.770430153366401,0.9990139310145613,5
STR_Exer,640091210,STR_Exer_640091210,CD70_9_21_C17S,6.922906919575569,0.9999296674836263,5
STR_Exer,640091210,STR_Exer_640091210,CDK4_11_23,8.661105826072548,0.9999904305997659,5
STR_Exer,640091210,STR_Exer_640091210,GAB2_638_648,5.522970081160142,0.999429351301503,5
STR_Exer,640091210,STR_Exer_640091210,GSK3B_210_222_C218S,6.647390542909871,0.9997056623606225,5
STR_Exer,640091210,STR_Exer_640091210,JAK3_974_986,8.168979529856676,0.9998710694975115,5
STR_Exer,640091210,STR_Exer_640091210,MAPK3_198_210_C203S,6.219716483388629,0.9976169726281141,5
STR_Exer,640091210,STR_Exer_640091210,MET_1228_1240,8.380032168721103,0.9999959553635073,5
STR_Exer,640091210,STR_Exer_640091210,MK03_199_208,5.831456635963484,0.9982873645734577,5
STR_Exer,640091210,STR_Exer_640091210,MK08_181_191,6.478483459410648,0.9998968545102425,5
STR_Exer,640091210,STR_Exer_640091210,MK12_180_189_M182B,4.8044354707256485,0.9979303065184653,5
STR_Exer,640091210,STR_Exer_640091210,MK14_177_187,4.626328927382041,0.9993765127876119,5
STR_Exer,640091210,STR_Exer_640091210,PDCD1_221_229_FS219_220KK,7.182909626733376,0.9987146046435494,5
STR_Exer,640091210,STR_Exer_640091210,PTN11_541_551,4.867337026885837,0.9948201540527171,5
STR_Exer,640091210,STR_Exer_640091210,SHC1_309_321,4.058349173085267,0.9919833585669028,5
STR_Exer,640091210,STR_Exer_640091210,STAT2_684_696,4.706707773073526,0.9983613051183154,5
STR_Exer,640091210,STR_Exer_640091210,TIE2_986_998,4.509289506191823,0.9685594426050766,5
STR_Exer,640091210,STR_Exer_640091210,TYK2_1048_1060,7.41466529379309,0.9997930012893559,5
STR_Exer,640091210,STR_Exer_640091210,VISTA_260_270,6.674558717651765,0.9989437124924043,5
STR_Exer,640091210,STR_Exer_640091210,YES_420_432,8.82792684891114,0.9998594977730099,5
STR_Exer,640091210,STR_Exer_640091210,CD3Z_77_89,7.53681534656694,0.9999895112814632,5
STR_Exer,640091210,STR_Exer_640091210,CD3Z_117_129,8.45019970426096,0.999934172962469,5
STR_Exer,640091210,STR_Exer_640091210,GAB1_622_632,6.337159034436663,0.9992449020685602,5
STR_Exer,640091210,STR_Exer_640091210,IRS1_890_902,7.14993880156713,0.9992764841018225,5
STR_Exer,640091210,STR_Exer_640091210,PTN11_580_590,8.434156115811113,0.9998149911218885,5
STR_CTL,640091213,STR_CTL_640091213,ACHD_383_395,3.7004397181410926,0.9908185840707965,5
STR_CTL,640091213,STR_CTL_640091213,AMPE_5_17,3.3962008572659883,0.9583674474437501,5
STR_CTL,640091213,STR_CTL_640091213,ANXA2_17_29,5.7082705409182175,0.997907737174672,5
STR_CTL,640091213,STR_CTL_640091213,C1R_199_211,4.103386789238852,0.9848356473240772,5
STR_CTL,640091213,STR_CTL_640091213,CALM_95_107,5.848563892233653,0.9992592537039993,5
STR_CTL,640091213,STR_CTL_640091213,CBL_693_705,6.709051290485873,0.9998320444820352,5
STR_CTL,640091213,STR_CTL_640091213,CD3Z_116_128,7.885638823225066,0.9994715500067373,5
STR_CTL,640091213,STR_CTL_640091213,CD3Z_146_158,6.325326671349227,0.998160345583144,5
STR_CTL,640091213,STR_CTL_640091213,CDK7_157_169,5.112070615976687,0.9922387239860964,5
STR_CTL,640091213,STR_CTL_640091213,CRK_214_226,5.695720740512657,0.9978101359722952,5
STR_CTL,640091213,STR_CTL_640091213,CTNB1_79_91,7.363184303813301,0.9997994441843868,5
STR_CTL,640091213,STR_CTL_640091213,DCX_67_79,6.445444376285838,0.9992558211422858,5
STR_CTL,640091213,STR_CTL_640091213,DYR1A_312_324,4.973386007395425,0.9993529246364482,5
STR_CTL,640091213,STR_CTL_640091213,EGFR_1103_1115,7.356389679034557,0.9995315020636171,5
STR_CTL,640091213,STR_CTL_640091213,EGFR_1190_1202,5.210924002902972,0.9913427252754038,5
STR_CTL,640091213,STR_CTL_640091213,EGFR_862_874,6.016913382936346,0.9997219463753724,5
STR_CTL,640091213,STR_CTL_640091213,EPHA4_589_601,3.600754472764748,0.9862104334136393,5
STR_CTL,640091213,STR_CTL_640091213,EPHB1_921_933,4.626328927382041,0.9847648549704308,5
STR_CTL,640091213,STR_CTL_640091213,EPHB4_583_595,3.0135465318379477,0.9819039451114923,5
STR_CTL,640091213,STR_CTL_640091213,ERBB2_870_882,8.033007359056647,0.9998807365073251,5
STR_CTL,640091213,STR_CTL_640091213,ERBB4_1181_1193,4.6007544727647485,0.9978796966168068,5
STR_CTL,640091213,STR_CTL_640091213,FAK1_569_581,6.632652326917495,0.9999458034360404,5
STR_CTL,640091213,STR_CTL_640091213,FAK2_572_584,8.795764007759832,0.9999897908527122,5
STR_CTL,640091213,STR_CTL_640091213,INSR_992_1004,5.326005426967906,0.997318199570612,5
STR_CTL,640091213,STR_CTL_640091213,JAK2_563_577,8.728113040725972,0.9999760956269943,5
STR_CTL,640091213,STR_CTL_640091213,K2C6B_53_65,6.9535375956470755,0.9997840878865867,5
STR_CTL,640091213,STR_CTL_640091213,K2C8_425_437,5.977711932798216,0.9949093347888283,5
STR_CTL,640091213,STR_CTL_640091213,LAT_194_206,5.875705890422993,0.9968209332988863,5
STR_CTL,640091213,STR_CTL_640091213,LAT_249_261,8.279632480050518,0.99989649413699,5
STR_CTL,640091213,STR_CTL_640091213,MBP_259_271,3.8551623129397345,0.9848972895146574,5
STR_CTL,640091213,STR_CTL_640091213,MK01_180_192,5.166139391710823,0.997204782517706,5
STR_CTL,640091213,STR_CTL_640091213,MK07_212_224,4.628531515658556,0.9987279985589019,5
STR_CTL,640091213,STR_CTL_640091213,MK10_216_228,6.411950608649288,0.9988984106136306,5
STR_CTL,640091213,STR_CTL_640091213,NCF1_313_325,5.93830354823998,0.9983091360526407,5
STR_CTL,640091213,STR_CTL_640091213,NPT2A_501_513,4.9186382555913495,0.9969810544775918,5
STR_CTL,640091213,STR_CTL_640091213,NTRK2_696_708,7.283656248612978,0.9997978839834126,5
STR_CTL,640091213,STR_CTL_640091213,PGFRB_1002_1014,7.464680595148756,0.9999140261695396,5
STR_CTL,640091213,STR_CTL_640091213,PGFRB_709_721,7.580276347051335,0.9999590706719544,5
STR_CTL,640091213,STR_CTL_640091213,PGFRB_768_780,6.782596486031512,0.9997984089429492,5
STR_CTL,640091213,STR_CTL_640091213,PGFRB_771_783,7.636077367795166,0.9997098494600678,5
STR_CTL,640091213,STR_CTL_640091213,PLCG1_1246_1258,5.2116587597514945,0.9865686567889488,5
STR_CTL,640091213,STR_CTL_640091213,PRGR_786_798,6.997445803332443,0.9994833458250634,5
STR_CTL,640091213,STR_CTL_640091213,PP2AB_297_309,4.168411949346743,0.9808825911805683,5
STR_CTL,640091213,STR_CTL_640091213,PRRX2_202_214,7.962623227435393,0.9999866187772595,5
STR_CTL,640091213,STR_CTL_640091213,PTN11_539_551,4.779874185635498,0.9949948371350793,5
STR_CTL,640091213,STR_CTL_640091213,RB_804_816,5.28190816280491,0.9955754740396278,5
STR_CTL,640091213,STR_CTL_640091213,RBL2_99_111,4.025296294615756,0.9813020449035522,5
STR_CTL,640091213,STR_CTL_640091213,RON_1346_1358,6.433841288741476,0.9989329666486654,5
STR_CTL,640091213,STR_CTL_640091213,STAT4_714_726,6.042330472831666,0.9968323880579943,5
STR_CTL,640091213,STR_CTL_640091213,RAF1_332_344,7.82198451315883,0.9999602955440909,5
STR_CTL,640091213,STR_CTL_640091213,TNNT1_2_14,2.9087041659804496,0.9281846947146373,5
STR_CTL,640091213,STR_CTL_640091213,TYRO3_679_691,7.089263084862513,0.9998347017009734,5
STR_CTL,640091213,STR_CTL_640091213,VGFR1_1040_1052,6.1524283535928275,0.9997313022975763,5
STR_CTL,640091213,STR_CTL_640091213,VGFR2_1046_1058,6.911872438716113,0.9995306393645987,5
STR_CTL,640091213,STR_CTL_640091213,VGFR2_944_956,4.119136891528137,0.9909936328056546,5
STR_CTL,640091213,STR_CTL_640091213,VGFR3_1061_1073,5.861730691951586,0.9993933393585557,5
STR_CTL,640091213,STR_CTL_640091213,VINC_815_827,4.00170028898984,0.9693527347059535,5
STR_CTL,640091213,STR_CTL_640091213,ZAP70_485_497,8.231990944102018,0.9995917181393511,5
STR_CTL,640091213,STR_CTL_640091213,ZBT16_621_633,5.264309810402689,0.9977058892834901,5
STR_CTL,640091213,STR_CTL_640091213,FGFR1_761_773,5.126168725307375,0.9919487783764378,5
STR_CTL,640091213,STR_CTL_640091213,PGFRB_1014_1028,8.187492138413877,0.9998720954261351,5
STR_CTL,640091213,STR_CTL_640091213,ERBB2_1241_1253,7.716965019019715,0.999935353305964,5
STR_CTL,640091213,STR_CTL_640091213,KSYK_518_530,5.7462924826307455,0.9944484784149813,5
STR_CTL,640091213,STR_CTL_640091213,MK12_178_190,5.169925001442313,0.996489191933846,5
STR_CTL,640091213,STR_CTL_640091213,TEC_512_524,7.666140244491397,0.9995993760807552,5
STR_CTL,640091213,STR_CTL_640091213,VGFR2_1168_1180,6.0269670476002695,0.9982603898953175,5
STR_CTL,640091213,STR_CTL_640091213,ANXA1_14_26,8.76173938142741,0.9999932071586835,5
STR_CTL,640091213,STR_CTL_640091213,EGFR_1165_1177,6.251147416917311,0.9992120891073204,5
STR_CTL,640091213,STR_CTL_640091213,EPOR_419_431,8.087662979287824,0.9999184398636854,5
STR_CTL,640091213,STR_CTL_640091213,ERBB4_1277_1289,5.583260205490156,0.9997880165065306,5
STR_CTL,640091213,STR_CTL_640091213,FGFR2_762_774,7.360370902784619,0.9992245757029066,5
STR_CTL,640091213,STR_CTL_640091213,FGFR3_753_765,7.427530276748938,0.9997805337495113,5
STR_CTL,640091213,STR_CTL_640091213,AKT1_309_321_C310S,6.626328927382041,0.9988554714867977,5
STR_CTL,640091213,STR_CTL_640091213,AKT1_320_332,6.7526173285386415,0.9997072308321899,5
STR_CTL,640091213,STR_CTL_640091213,ARAF_297_307,7.343039022364367,0.9998817767063788,5
STR_CTL,640091213,STR_CTL_640091213,BTLA_252_262,6.789994938352672,0.9999893890999602,5
STR_CTL,640091213,STR_CTL_640091213,CD28_185_197,4.565551194274936,0.9989059774853338,5
STR_CTL,640091213,STR_CTL_640091213,CD28_203_215,6.424681289456,0.9994594769206143,5
STR_CTL,640091213,STR_CTL_640091213,CD3E_193_205,6.810753498519469,0.9998079600556916,5
STR_CTL,640091213,STR_CTL_640091213,CD3Z_135_147,7.1933626317441846,0.9998967882552313,5
STR_CTL,640091213,STR_CTL_640091213,CD3Z_147_159,5.172191608414257,0.9880150532165293,5
STR_CTL,640091213,STR_CTL_640091213,CD70_9_21_C17S,6.496081219634906,0.9994530808526769,5
STR_CTL,640091213,STR_CTL_640091213,CDK4_11_23,8.237412917439837,0.9998157195682879,5
STR_CTL,640091213,STR_CTL_640091213,GAB2_638_648,4.9620775168562465,0.9992728178126683,5
STR_CTL,640091213,STR_CTL_640091213,GSK3B_210_222_C218S,6.189824558880018,0.9986457817693233,5
STR_CTL,640091213,STR_CTL_640091213,JAK3_974_986,8.053234316132665,0.9999185898404197,5
STR_CTL,640091213,STR_CTL_640091213,MAPK3_198_210_C203S,5.485791343542473,0.996973178383633,5
STR_CTL,640091213,STR_CTL_640091213,MET_1228_1240,8.021110927477004,0.9997966944198351,5
STR_CTL,640091213,STR_CTL_640091213,MK03_199_208,5.508691745652553,0.9992704425398417,5
STR_CTL,640091213,STR_CTL_640091213,MK08_181_191,5.992751332262357,0.9979914224759168,5
STR_CTL,640091213,STR_CTL_640091213,MK12_180_189_M182B,4.0664954117869065,0.9775419631567204,5
STR_CTL,640091213,STR_CTL_640091213,MK14_177_187,5.328717260550001,0.9973422671845837,5
STR_CTL,640091213,STR_CTL_640091213,PDCD1_221_229_FS219_220KK,7.351564329263616,0.9999536366100488,5
STR_CTL,640091213,STR_CTL_640091213,PTN11_541_551,4.051798900580205,0.9757785860422824,5
STR_CTL,640091213,STR_CTL_640091213,SHC1_309_321,4.802485882535869,0.9969196062346185,5
STR_CTL,640091213,STR_CTL_640091213,STAT2_684_696,3.9497991870778097,0.9810750329091706,5
STR_CTL,640091213,STR_CTL_640091213,TIE2_986_998,3.145523657952178,0.8963731203390521,5
STR_CTL,640091213,STR_CTL_640091213,TYK2_1048_1060,7.149747119504682,0.9996090205872173,5
STR_CTL,640091213,STR_CTL_640091213,VISTA_260_270,6.8586848060404115,0.9996137589426733,5
STR_CTL,640091213,STR_CTL_640091213,YES_420_432,8.782534672580448,0.9999909328541778,5
STR_CTL,640091213,STR_CTL_640091213,CD3Z_77_89,7.268376482124175,0.9984952111585793,5
STR_CTL,640091213,STR_CTL_640091213,CD3Z_117_129,8.104376224186685,0.9997527584184152,5
STR_CTL,640091213,STR_CTL_640091213,GAB1_622_632,5.83479897248612,0.9935165259914401,5
STR_CTL,640091213,STR_CTL_640091213,IRS1_890_902,5.738665883156045,0.9590715965645912,5
STR_CTL,640091213,STR_CTL_640091213,PTN11_580_590,8.238044155708884,0.9998957556834356,5
STR_Exer,640091213,STR_Exer_640091213,ACHD_383_395,2.416737788268683,0.9749117468046257,5
STR_Exer,640091213,STR_Exer_640091213,AMPE_5_17,2.104969559601543,0.9808301886792452,5
STR_Exer,640091213,STR_Exer_640091213,ANXA2_17_29,5.861262512476152,0.9979658133855346,5
STR_Exer,640091213,STR_Exer_640091213,C1R_199_211,4.5282882339641874,0.9958116403243632,5
STR_Exer,640091213,STR_Exer_640091213,CALM_95_107,6.0143889815208,0.9998727315939985,5
STR_Exer,640091213,STR_Exer_640091213,CBL_693_705,7.00953816400726,0.9998411539653086,5
STR_Exer,640091213,STR_Exer_640091213,CD3Z_116_128,7.838966033475297,0.9997938401066913,5
STR_Exer,640091213,STR_Exer_640091213,CD3Z_146_158,6.024041958897655,0.9994892317723212,5
STR_Exer,640091213,STR_Exer_640091213,CDK7_157_169,4.377988054007958,0.9893472806074233,5
STR_Exer,640091213,STR_Exer_640091213,CRK_214_226,5.438870296154981,0.9994442490460145,5
STR_Exer,640091213,STR_Exer_640091213,CTNB1_79_91,7.436829375684948,0.9990861756145575,5
STR_Exer,640091213,STR_Exer_640091213,DCX_67_79,6.511678074685925,0.9993708127898838,5
STR_Exer,640091213,STR_Exer_640091213,DYR1A_312_324,4.930291028188596,0.9990420664432509,5
STR_Exer,640091213,STR_Exer_640091213,EGFR_1103_1115,7.3678062140758485,0.9998938683322754,5
STR_Exer,640091213,STR_Exer_640091213,EGFR_1190_1202,5.347558694924818,0.9746782615975471,5
STR_Exer,640091213,STR_Exer_640091213,EGFR_862_874,6.097833378319915,0.9990386350437239,5
STR_Exer,640091213,STR_Exer_640091213,EPHA4_589_601,4.093853527407369,0.991867900307603,5
STR_Exer,640091213,STR_Exer_640091213,EPHB1_921_933,4.1409021002118,0.9685737710366834,5
STR_Exer,640091213,STR_Exer_640091213,EPHB4_583_595,1.7478129764031989,0.8791342952275251,5
STR_Exer,640091213,STR_Exer_640091213,ERBB2_870_882,8.186931795951802,0.9999591503559075,5
STR_Exer,640091213,STR_Exer_640091213,ERBB4_1181_1193,5.20945336562895,0.9838237288135593,5
STR_Exer,640091213,STR_Exer_640091213,FAK1_569_581,6.618593278602436,0.9996673336456304,5
STR_Exer,640091213,STR_Exer_640091213,FAK2_572_584,8.912832860723862,0.9999234979568936,5
STR_Exer,640091213,STR_Exer_640091213,INSR_992_1004,5.019433374914862,0.9989962575179263,5
STR_Exer,640091213,STR_Exer_640091213,JAK2_563_577,8.64269884758515,0.9998329502552237,5
STR_Exer,640091213,STR_Exer_640091213,K2C6B_53_65,7.177278491399607,0.9995756865812049,5
STR_Exer,640091213,STR_Exer_640091213,K2C8_425_437,6.573004036413101,0.9998902803897598,5
STR_Exer,640091213,STR_Exer_640091213,LAT_194_206,6.261828820898934,0.9995026201422226,5
STR_Exer,640091213,STR_Exer_640091213,LAT_249_261,8.30765190978784,0.9998677467179995,5
STR_Exer,640091213,STR_Exer_640091213,MBP_259_271,3.346221008189307,0.9736284728040483,5
STR_Exer,640091213,STR_Exer_640091213,MK01_180_192,4.875705890422993,0.9958973473022611,5
STR_Exer,640091213,STR_Exer_640091213,MK07_212_224,4.822826330820044,0.9995957190647338,5
STR_Exer,640091213,STR_Exer_640091213,MK10_216_228,6.315790408783958,0.9994535473167132,5
STR_Exer,640091213,STR_Exer_640091213,NCF1_313_325,5.985036367134351,0.9994411901647341,5
STR_Exer,640091213,STR_Exer_640091213,NPT2A_501_513,5.221906256195911,0.993679537356154,5
STR_Exer,640091213,STR_Exer_640091213,NTRK2_696_708,7.488673852075595,0.9996306574097323,5
STR_Exer,640091213,STR_Exer_640091213,PGFRB_1002_1014,7.283830940753519,0.9997060139988868,5
STR_Exer,640091213,STR_Exer_640091213,PGFRB_709_721,7.638401759682617,0.9993636219188291,5
STR_Exer,640091213,STR_Exer_640091213,PGFRB_768_780,6.623018726983232,0.9987953778287888,5
STR_Exer,640091213,STR_Exer_640091213,PGFRB_771_783,7.523266048961137,0.9999565567854883,5
STR_Exer,640091213,STR_Exer_640091213,PLCG1_1246_1258,4.6514579125080635,0.9912918130974797,5
STR_Exer,640091213,STR_Exer_640091213,PRGR_786_798,6.815111365692039,0.9996717255068384,5
STR_Exer,640091213,STR_Exer_640091213,PP2AB_297_309,2.715023041285529,0.9682123440997761,5
STR_Exer,640091213,STR_Exer_640091213,PRRX2_202_214,7.7047519297071085,0.9996492154752059,5
STR_Exer,640091213,STR_Exer_640091213,PTN11_539_551,3.801510099582952,0.9427419772480106,5
STR_Exer,640091213,STR_Exer_640091213,RB_804_816,5.477872794833958,0.9992878406310562,5
STR_Exer,640091213,STR_Exer_640091213,RBL2_99_111,3.089063168692182,0.9314938633449349,5
STR_Exer,640091213,STR_Exer_640091213,RON_1346_1358,6.461595275236994,0.9996477126060607,5
STR_Exer,640091213,STR_Exer_640091213,STAT4_714_726,5.901891489819034,0.9984312520753922,5
STR_Exer,640091213,STR_Exer_640091213,RAF1_332_344,7.716706239639489,0.9994787200228231,5
STR_Exer,640091213,STR_Exer_640091213,TNNT1_2_14,3.0534392589614607,0.9638074376462388,5
STR_Exer,640091213,STR_Exer_640091213,TYRO3_679_691,7.2477484190307315,0.9999248704303885,5
STR_Exer,640091213,STR_Exer_640091213,VGFR1_1040_1052,6.290279724250027,0.9995680094624286,5
STR_Exer,640091213,STR_Exer_640091213,VGFR2_1046_1058,6.96425912174934,0.9999103690825843,5
STR_Exer,640091213,STR_Exer_640091213,VGFR2_944_956,3.3055025469742514,0.8382976125053428,5
STR_Exer,640091213,STR_Exer_640091213,VGFR3_1061_1073,5.9253724908196155,0.996800677162298,5
STR_Exer,640091213,STR_Exer_640091213,VINC_815_827,2.706707773073526,0.9530769843165353,5
STR_Exer,640091213,STR_Exer_640091213,ZAP70_485_497,8.085960920330896,0.9997844176775287,5
STR_Exer,640091213,STR_Exer_640091213,ZBT16_621_633,4.839084915683834,0.9990922036311856,5
STR_Exer,640091213,STR_Exer_640091213,FGFR1_761_773,5.313738697074016,0.9894113403485021,5
STR_Exer,640091213,STR_Exer_640091213,PGFRB_1014_1028,8.454706672936151,0.9998740520941706,5
STR_Exer,640091213,STR_Exer_640091213,ERBB2_1241_1253,7.901777672214867,0.9997916162458054,5
STR_Exer,640091213,STR_Exer_640091213,KSYK_518_530,5.587229107693101,0.9992356789851737,5
STR_Exer,640091213,STR_Exer_640091213,MK12_178_190,5.405221757837403,0.998107667468659,5
STR_Exer,640091213,STR_Exer_640091213,TEC_512_524,7.654433379101313,0.9998488559669974,5
STR_Exer,640091213,STR_Exer_640091213,VGFR2_1168_1180,5.632377972054847,0.996472230111691,5
STR_Exer,640091213,STR_Exer_640091213,ANXA1_14_26,8.67788581437307,0.9999506042049757,5
STR_Exer,640091213,STR_Exer_640091213,EGFR_1165_1177,6.174831490286961,0.9998814020069591,5
STR_Exer,640091213,STR_Exer_640091213,EPOR_419_431,8.018593866575266,0.9996955149179114,5
STR_Exer,640091213,STR_Exer_640091213,ERBB4_1277_1289,5.78630045479493,0.9998568398417642,5
STR_Exer,640091213,STR_Exer_640091213,FGFR2_762_774,7.432581292992488,0.9995906120989423,5
STR_Exer,640091213,STR_Exer_640091213,FGFR3_753_765,7.6676136808991044,0.9997738755681953,5
STR_Exer,640091213,STR_Exer_640091213,AKT1_309_321_C310S,6.263955644440216,0.9998281720666,5
STR_Exer,640091213,STR_Exer_640091213,AKT1_320_332,6.95067968453626,0.9997347446789605,5
STR_Exer,640091213,STR_Exer_640091213,ARAF_297_307,7.4097111436722285,0.999882598705237,5
STR_Exer,640091213,STR_Exer_640091213,BTLA_252_262,6.770928751968525,0.9986622476362182,5
STR_Exer,640091213,STR_Exer_640091213,CD28_185_197,3.8794098591864112,0.9904439415892035,5
STR_Exer,640091213,STR_Exer_640091213,CD28_203_215,6.0315516666396345,0.9995774695908666,5
STR_Exer,640091213,STR_Exer_640091213,CD3E_193_205,5.858919333398628,0.9988478457544795,5
STR_Exer,640091213,STR_Exer_640091213,CD3Z_135_147,6.990398355916062,0.9996852410891685,5
STR_Exer,640091213,STR_Exer_640091213,CD3Z_147_159,5.166897308744745,0.9966530946640311,5
STR_Exer,640091213,STR_Exer_640091213,CD70_9_21_C17S,6.621360774254253,0.9994102832996679,5
STR_Exer,640091213,STR_Exer_640091213,CDK4_11_23,8.410111303173558,0.9998062519749216,5
STR_Exer,640091213,STR_Exer_640091213,GAB2_638_648,5.461286380033825,0.9978869901185444,5
STR_Exer,640091213,STR_Exer_640091213,GSK3B_210_222_C218S,5.99659339855675,0.9942260608649448,5
STR_Exer,640091213,STR_Exer_640091213,JAK3_974_986,8.001381637405798,0.9998497923280953,5
STR_Exer,640091213,STR_Exer_640091213,MAPK3_198_210_C203S,5.51406269513113,0.991497179868129,5
STR_Exer,640091213,STR_Exer_640091213,MET_1228_1240,8.06730751146548,0.9999414467096034,5
STR_Exer,640091213,STR_Exer_640091213,MK03_199_208,5.294447358465256,0.9985344180947435,5
STR_Exer,640091213,STR_Exer_640091213,MK08_181_191,6.156631679424035,0.9998336170492519,5
STR_Exer,640091213,STR_Exer_640091213,MK12_180_189_M182B,4.233529239834997,0.9923220525107318,5
STR_Exer,640091213,STR_Exer_640091213,MK14_177_187,4.663323134864243,0.9971026430573445,5
STR_Exer,640091213,STR_Exer_640091213,PDCD1_221_229_FS219_220KK,7.097237100137882,0.9993174385892074,5
STR_Exer,640091213,STR_Exer_640091213,PTN11_541_551,2.283306800860055,0.9889169514188085,5
STR_Exer,640091213,STR_Exer_640091213,SHC1_309_321,4.743754759828845,0.9975165972435219,5
STR_Exer,640091213,STR_Exer_640091213,STAT2_684_696,3.886789389552009,0.9490411635734799,5
STR_Exer,640091213,STR_Exer_640091213,TIE2_986_998,3.130060540564373,0.8392951816622486,5
STR_Exer,640091213,STR_Exer_640091213,TYK2_1048_1060,7.122266383082575,0.9996642206514383,5
STR_Exer,640091213,STR_Exer_640091213,VISTA_260_270,6.340521961462628,0.9999915976317247,5
STR_Exer,640091213,STR_Exer_640091213,YES_420_432,8.758977400781394,0.9997750367585602,5
STR_Exer,640091213,STR_Exer_640091213,CD3Z_77_89,7.330578693621534,0.9996935588288339,5
STR_Exer,640091213,STR_Exer_640091213,CD3Z_117_129,8.109214670732914,0.9999462871939006,5
STR_Exer,640091213,STR_Exer_640091213,GAB1_622_632,5.468681671959971,0.9972389683651782,5
STR_Exer,640091213,STR_Exer_640091213,IRS1_890_902,6.6928293037336,0.9854790179199227,5
STR_Exer,640091213,STR_Exer_640091213,PTN11_580_590,7.869200974226369,0.9997308255873372,5
STR_CTL,640091214,STR_CTL_640091214,ACHD_383_395,4.6993923895717655,0.99433070783559,5
STR_CTL,640091214,STR_CTL_640091214,AMPE_5_17,2.6340233191720426,0.9679066440132343,5
STR_CTL,640091214,STR_CTL_640091214,ANXA2_17_29,7.125778965737021,0.999551466508946,5
STR_CTL,640091214,STR_CTL_640091214,C1R_199_211,3.6471189767837258,0.9775314280646521,5
STR_CTL,640091214,STR_CTL_640091214,CALM_95_107,6.3678062140758485,0.9998178128989095,5
STR_CTL,640091214,STR_CTL_640091214,CBL_693_705,7.611512041433578,0.9996557651040447,5
STR_CTL,640091214,STR_CTL_640091214,CD3Z_116_128,8.211199580575496,0.9999468999539767,5
STR_CTL,640091214,STR_CTL_640091214,CD3Z_146_158,6.648204934712975,0.9992407004903943,5
STR_CTL,640091214,STR_CTL_640091214,CDK7_157_169,5.8405107386042605,0.9997462525919415,5
STR_CTL,640091214,STR_CTL_640091214,CRK_214_226,6.418648221177587,0.9954084789932974,5
STR_CTL,640091214,STR_CTL_640091214,CTNB1_79_91,7.875937667279606,0.9997899185003755,5
STR_CTL,640091214,STR_CTL_640091214,DCX_67_79,7.430057995382233,0.999904126521393,5
STR_CTL,640091214,STR_CTL_640091214,DYR1A_312_324,5.229907106270545,0.9992475562627869,5
STR_CTL,640091214,STR_CTL_640091214,EGFR_1103_1115,8.026340741950802,0.9997744478223398,5
STR_CTL,640091214,STR_CTL_640091214,EGFR_1190_1202,5.388423506674269,0.9993409913517788,5
STR_CTL,640091214,STR_CTL_640091214,EGFR_862_874,5.92582032414337,0.9992005459310713,5
STR_CTL,640091214,STR_CTL_640091214,EPHA4_589_601,5.367476568229358,0.9605194096450327,5
STR_CTL,640091214,STR_CTL_640091214,EPHB1_921_933,4.832412379649242,0.9972358534302536,5
STR_CTL,640091214,STR_CTL_640091214,EPHB4_583_595,3.7232906572691298,0.9824955386682173,5
STR_CTL,640091214,STR_CTL_640091214,ERBB2_870_882,8.594289389185695,0.9998664745352613,5
STR_CTL,640091214,STR_CTL_640091214,ERBB4_1181_1193,5.171436468359912,0.9969883469249438,5
STR_CTL,640091214,STR_CTL_640091214,FAK1_569_581,7.6188702671875035,0.9997632102230988,5
STR_CTL,640091214,STR_CTL_640091214,FAK2_572_584,9.206599732778477,0.9999971098425942,5
STR_CTL,640091214,STR_CTL_640091214,INSR_992_1004,5.465604905938016,0.9987443234168388,5
STR_CTL,640091214,STR_CTL_640091214,JAK2_563_577,9.077571528449257,0.9998690783436095,5
STR_CTL,640091214,STR_CTL_640091214,K2C6B_53_65,7.898473049610796,0.9996168083758098,5
STR_CTL,640091214,STR_CTL_640091214,K2C8_425_437,6.896189581199789,0.9996698784186371,5
STR_CTL,640091214,STR_CTL_640091214,LAT_194_206,6.558637307044759,0.9996894396255653,5
STR_CTL,640091214,STR_CTL_640091214,LAT_249_261,9.01027738484737,0.9997990975492431,5
STR_CTL,640091214,STR_CTL_640091214,MBP_259_271,4.556325295266471,0.9969348437930747,5
STR_CTL,640091214,STR_CTL_640091214,MK01_180_192,5.813176160786325,0.9923875680000716,5
STR_CTL,640091214,STR_CTL_640091214,MK07_212_224,5.118353456786707,0.9981067287842601,5
STR_CTL,640091214,STR_CTL_640091214,MK10_216_228,7.533880652632111,0.9998629215698082,5
STR_CTL,640091214,STR_CTL_640091214,NCF1_313_325,7.041917389066241,0.9998008853774968,5
STR_CTL,640091214,STR_CTL_640091214,NPT2A_501_513,5.503900724094206,0.9967352924450755,5
STR_CTL,640091214,STR_CTL_640091214,NTRK2_696_708,8.05333679118622,0.9999750836405713,5
STR_CTL,640091214,STR_CTL_640091214,PGFRB_1002_1014,8.064158075598522,0.9999327876001198,5
STR_CTL,640091214,STR_CTL_640091214,PGFRB_709_721,8.552560355755174,0.9999594218633132,5
STR_CTL,640091214,STR_CTL_640091214,PGFRB_768_780,7.420873866861135,0.999677418338336,5
STR_CTL,640091214,STR_CTL_640091214,PGFRB_771_783,8.052824343114592,0.9999172917323131,5
STR_CTL,640091214,STR_CTL_640091214,PLCG1_1246_1258,4.814144087720243,0.997975839360026,5
STR_CTL,640091214,STR_CTL_640091214,PRGR_786_798,7.626604434886152,0.9997872557984733,5
STR_CTL,640091214,STR_CTL_640091214,PP2AB_297_309,5.395554343680942,0.9985377107720702,5
STR_CTL,640091214,STR_CTL_640091214,PRRX2_202_214,8.6503066548745,0.9999135532591633,5
STR_CTL,640091214,STR_CTL_640091214,PTN11_539_551,5.33547462672531,0.9962821073424573,5
STR_CTL,640091214,STR_CTL_640091214,RB_804_816,6.345551699413262,0.9994651900028194,5
STR_CTL,640091214,STR_CTL_640091214,RBL2_99_111,5.7263788390567,0.9926444595170436,5
STR_CTL,640091214,STR_CTL_640091214,RON_1346_1358,7.078024897239733,0.9993551537904324,5
STR_CTL,640091214,STR_CTL_640091214,STAT4_714_726,6.985680859010555,0.9989376760032476,5
STR_CTL,640091214,STR_CTL_640091214,RAF1_332_344,8.455404769961412,0.9999242087734254,5
STR_CTL,640091214,STR_CTL_640091214,TNNT1_2_14,3.822826330820044,0.9854417406842907,5
STR_CTL,640091214,STR_CTL_640091214,TYRO3_679_691,7.657537546624769,0.9999178402597746,5
STR_CTL,640091214,STR_CTL_640091214,VGFR1_1040_1052,7.025296294615756,0.9991375573403629,5
STR_CTL,640091214,STR_CTL_640091214,VGFR2_1046_1058,7.1012076408053435,0.9999157653279818,5
STR_CTL,640091214,STR_CTL_640091214,VGFR2_944_956,5.147828896856856,0.9896875341632492,5
STR_CTL,640091214,STR_CTL_640091214,VGFR3_1061_1073,6.83336749060163,0.9993244631391428,5
STR_CTL,640091214,STR_CTL_640091214,VINC_815_827,4.500898235932682,0.986916502751715,5
STR_CTL,640091214,STR_CTL_640091214,ZAP70_485_497,8.67994476766168,0.9999900085055744,5
STR_CTL,640091214,STR_CTL_640091214,ZBT16_621_633,5.757908854138706,0.9972797792397058,5
STR_CTL,640091214,STR_CTL_640091214,FGFR1_761_773,5.850923936995003,0.9980003690182515,5
STR_CTL,640091214,STR_CTL_640091214,PGFRB_1014_1028,8.995687166306615,0.9999675476714529,5
STR_CTL,640091214,STR_CTL_640091214,ERBB2_1241_1253,8.226094053159345,0.9999467583138322,5
STR_CTL,640091214,STR_CTL_640091214,KSYK_518_530,6.388423506674269,0.9996901577153011,5
STR_CTL,640091214,STR_CTL_640091214,MK12_178_190,4.537694591921259,0.9795038362840724,5
STR_CTL,640091214,STR_CTL_640091214,TEC_512_524,8.182534900746623,0.9999630715495896,5
STR_CTL,640091214,STR_CTL_640091214,VGFR2_1168_1180,6.206507586063605,0.9989466305414544,5
STR_CTL,640091214,STR_CTL_640091214,ANXA1_14_26,9.212897814017843,0.9999859691763863,5
STR_CTL,640091214,STR_CTL_640091214,EGFR_1165_1177,6.745024179216411,0.9996011706006287,5
STR_CTL,640091214,STR_CTL_640091214,EPOR_419_431,8.303349977208303,0.9999505568040113,5
STR_CTL,640091214,STR_CTL_640091214,ERBB4_1277_1289,6.259698857361126,0.9998860770238153,5
STR_CTL,640091214,STR_CTL_640091214,FGFR2_762_774,7.7571541091354135,0.9999073328580314,5
STR_CTL,640091214,STR_CTL_640091214,FGFR3_753_765,8.099422249670917,0.9998379119247639,5
STR_CTL,640091214,STR_CTL_640091214,AKT1_309_321_C310S,7.041504186989554,0.9996736132871137,5
STR_CTL,640091214,STR_CTL_640091214,AKT1_320_332,7.761802092302682,0.9998858873196034,5
STR_CTL,640091214,STR_CTL_640091214,ARAF_297_307,7.9201000097814465,0.9998193708297268,5
STR_CTL,640091214,STR_CTL_640091214,BTLA_252_262,7.919762813323001,0.9998504639448078,5
STR_CTL,640091214,STR_CTL_640091214,CD28_185_197,4.87755906349847,0.9956374077112388,5
STR_CTL,640091214,STR_CTL_640091214,CD28_203_215,7.132972527775624,0.9996809943135733,5
STR_CTL,640091214,STR_CTL_640091214,CD3E_193_205,7.543688469588545,0.9995872647897892,5
STR_CTL,640091214,STR_CTL_640091214,CD3Z_135_147,7.9325211956459745,0.9999718112321206,5
STR_CTL,640091214,STR_CTL_640091214,CD3Z_147_159,6.155104613876974,0.9993862477748767,5
STR_CTL,640091214,STR_CTL_640091214,CD70_9_21_C17S,7.768309184791794,0.999848395519876,5
STR_CTL,640091214,STR_CTL_640091214,CDK4_11_23,8.993392387612113,0.9998675345152507,5
STR_CTL,640091214,STR_CTL_640091214,GAB2_638_648,5.284005611743609,0.9906066913530919,5
STR_CTL,640091214,STR_CTL_640091214,GSK3B_210_222_C218S,7.002125048316001,0.9996256907309728,5
STR_CTL,640091214,STR_CTL_640091214,JAK3_974_986,8.489507188693917,0.9998463876971284,5
STR_CTL,640091214,STR_CTL_640091214,MAPK3_198_210_C203S,7.0046709814018095,0.9985639898034523,5
STR_CTL,640091214,STR_CTL_640091214,MET_1228_1240,8.608725570184173,0.9999365573623522,5
STR_CTL,640091214,STR_CTL_640091214,MK03_199_208,6.680409286204192,0.9986905873971403,5
STR_CTL,640091214,STR_CTL_640091214,MK08_181_191,7.031967728658636,0.9997355822282331,5
STR_CTL,640091214,STR_CTL_640091214,MK12_180_189_M182B,5.469910543448997,0.9815164780822917,5
STR_CTL,640091214,STR_CTL_640091214,MK14_177_187,5.521192998150529,0.9991981933207514,5
STR_CTL,640091214,STR_CTL_640091214,PDCD1_221_229_FS219_220KK,7.653757675355698,0.9995630939661672,5
STR_CTL,640091214,STR_CTL_640091214,PTN11_541_551,5.523561956057013,0.9964282541092847,5
STR_CTL,640091214,STR_CTL_640091214,SHC1_309_321,5.050978021445177,0.9956616674729883,5
STR_CTL,640091214,STR_CTL_640091214,STAT2_684_696,4.577001215018473,0.972396925227114,5
STR_CTL,640091214,STR_CTL_640091214,TIE2_986_998,4.321928094887363,0.9911173445535297,5
STR_CTL,640091214,STR_CTL_640091214,TYK2_1048_1060,7.719162771646453,0.9999903307609362,5
STR_CTL,640091214,STR_CTL_640091214,VISTA_260_270,7.460513852550365,0.9997342408494931,5
STR_CTL,640091214,STR_CTL_640091214,YES_420_432,9.113840432237348,0.9999320262221947,5
STR_CTL,640091214,STR_CTL_640091214,CD3Z_77_89,7.915597563930322,0.9994830510807248,5
STR_CTL,640091214,STR_CTL_640091214,CD3Z_117_129,8.695261126660267,0.9999327717909449,5
STR_CTL,640091214,STR_CTL_640091214,GAB1_622_632,6.595697308728378,0.9973671145148042,5
STR_CTL,640091214,STR_CTL_640091214,IRS1_890_902,7.051388519396698,0.9962816510719106,5
STR_CTL,640091214,STR_CTL_640091214,PTN11_580_590,8.808691032062576,0.9996635404015406,5
STR_Exer,640091214,STR_Exer_640091214,ACHD_383_395,4.187958924272574,0.992486864776329,5
STR_Exer,640091214,STR_Exer_640091214,AMPE_5_17,3.486398666237567,0.9936243311743171,5
STR_Exer,640091214,STR_Exer_640091214,ANXA2_17_29,7.075403464478292,0.9994255844745455,5
STR_Exer,640091214,STR_Exer_640091214,C1R_199_211,4.588361077183022,0.9859263841633158,5
STR_Exer,640091214,STR_Exer_640091214,CALM_95_107,6.664128584800986,0.9994795138808407,5
STR_Exer,640091214,STR_Exer_640091214,CBL_693_705,7.687161071602472,0.9997772638522133,5
STR_Exer,640091214,STR_Exer_640091214,CD3Z_116_128,8.236691163917992,0.9999093492385626,5
STR_Exer,640091214,STR_Exer_640091214,CD3Z_146_158,6.641949484071676,0.9993400596054484,5
STR_Exer,640091214,STR_Exer_640091214,CDK7_157_169,5.641131552438189,0.9940543090452083,5
STR_Exer,640091214,STR_Exer_640091214,CRK_214_226,6.077823417588419,0.9979319409232763,5
STR_Exer,640091214,STR_Exer_640091214,CTNB1_79_91,7.83336749060163,0.9999768961954824,5
STR_Exer,640091214,STR_Exer_640091214,DCX_67_79,7.369453314427023,0.9999874493318852,5
STR_Exer,640091214,STR_Exer_640091214,DYR1A_312_324,5.783832199204181,0.994839352533011,5
STR_Exer,640091214,STR_Exer_640091214,EGFR_1103_1115,7.88759424036278,0.9998516099360346,5
STR_Exer,640091214,STR_Exer_640091214,EGFR_1190_1202,5.486398666237567,0.9911280199300901,5
STR_Exer,640091214,STR_Exer_640091214,EGFR_862_874,6.122266383082575,0.9984708176393632,5
STR_Exer,640091214,STR_Exer_640091214,EPHA4_589_601,5.046042913870359,0.9941411835658724,5
STR_Exer,640091214,STR_Exer_640091214,EPHB1_921_933,5.559214731523505,0.9992385307595811,5
STR_Exer,640091214,STR_Exer_640091214,EPHB4_583_595,2.5804185755762084,0.8657620401481865,5
STR_Exer,640091214,STR_Exer_640091214,ERBB2_870_882,8.64874760729447,0.9998838008313634,5
STR_Exer,640091214,STR_Exer_640091214,ERBB4_1181_1193,5.065682854716208,0.9877991810731327,5
STR_Exer,640091214,STR_Exer_640091214,FAK1_569_581,7.630868086997209,0.9999953332655525,5
STR_Exer,640091214,STR_Exer_640091214,FAK2_572_584,9.238179385126509,0.9999088753279383,5
STR_Exer,640091214,STR_Exer_640091214,INSR_992_1004,5.5182263200726664,0.9979518449295096,5
STR_Exer,640091214,STR_Exer_640091214,JAK2_563_577,9.047638388633596,0.9999733796950291,5
STR_Exer,640091214,STR_Exer_640091214,K2C6B_53_65,7.9285044087145815,0.9998905108613514,5
STR_Exer,640091214,STR_Exer_640091214,K2C8_425_437,7.024669263077792,0.9997911354869183,5
STR_Exer,640091214,STR_Exer_640091214,LAT_194_206,6.847382420510192,0.9994257541521535,5
STR_Exer,640091214,STR_Exer_640091214,LAT_249_261,8.944118083672091,0.9998626615938094,5
STR_Exer,640091214,STR_Exer_640091214,MBP_259_271,4.778882983232447,0.9958580883701895,5
STR_Exer,640091214,STR_Exer_640091214,MK01_180_192,5.755391500436154,0.9995864714834832,5
STR_Exer,640091214,STR_Exer_640091214,MK07_212_224,5.733558992722957,0.9879850070380451,5
STR_Exer,640091214,STR_Exer_640091214,MK10_216_228,7.240026251249509,0.9998700009922042,5
STR_Exer,640091214,STR_Exer_640091214,NCF1_313_325,6.803704683859425,0.9987260618477757,5
STR_Exer,640091214,STR_Exer_640091214,NPT2A_501_513,5.468681671959971,0.9974303769963424,5
STR_Exer,640091214,STR_Exer_640091214,NTRK2_696_708,7.995313846330179,0.9998599201199185,5
STR_Exer,640091214,STR_Exer_640091214,PGFRB_1002_1014,8.178030580581705,0.99983077485681,5
STR_Exer,640091214,STR_Exer_640091214,PGFRB_709_721,8.601105007314883,0.9999949265747408,5
STR_Exer,640091214,STR_Exer_640091214,PGFRB_768_780,7.288017218746027,0.9993146762208919,5
STR_Exer,640091214,STR_Exer_640091214,PGFRB_771_783,8.105266135826431,0.9999608257104642,5
STR_Exer,640091214,STR_Exer_640091214,PLCG1_1246_1258,5.646575691128317,0.9967808716039362,5
STR_Exer,640091214,STR_Exer_640091214,PRGR_786_798,7.525483874210955,0.9999195179676792,5
STR_Exer,640091214,STR_Exer_640091214,PP2AB_297_309,5.652540610525774,0.9943266122093812,5
STR_Exer,640091214,STR_Exer_640091214,PRRX2_202_214,8.686236224710942,0.9997494607667696,5
STR_Exer,640091214,STR_Exer_640091214,PTN11_539_551,5.7528697465326175,0.9998462559153526,5
STR_Exer,640091214,STR_Exer_640091214,RB_804_816,6.247927513443586,0.9996016326530612,5
STR_Exer,640091214,STR_Exer_640091214,RBL2_99_111,4.944504887408296,0.9892378547021244,5
STR_Exer,640091214,STR_Exer_640091214,RON_1346_1358,7.347224389503118,0.9999818739027837,5
STR_Exer,640091214,STR_Exer_640091214,STAT4_714_726,6.743246679161193,0.9997467738159288,5
STR_Exer,640091214,STR_Exer_640091214,RAF1_332_344,8.452765740259585,0.9998782209472148,5
STR_Exer,640091214,STR_Exer_640091214,TNNT1_2_14,4.1409021002118,0.9978712232761475,5
STR_Exer,640091214,STR_Exer_640091214,TYRO3_679_691,7.611372845616896,0.9999560219488086,5
STR_Exer,640091214,STR_Exer_640091214,VGFR1_1040_1052,6.705404172152726,0.9992500715337489,5
STR_Exer,640091214,STR_Exer_640091214,VGFR2_1046_1058,7.204109703323828,0.9999599683479797,5
STR_Exer,640091214,STR_Exer_640091214,VGFR2_944_956,5.332775477124355,0.9991275555789142,5
STR_Exer,640091214,STR_Exer_640091214,VGFR3_1061_1073,6.762429051176088,0.9995023698113208,5
STR_Exer,640091214,STR_Exer_640091214,VINC_815_827,4.941850433962319,0.9973844245658874,5
STR_Exer,640091214,STR_Exer_640091214,ZAP70_485_497,8.695392459845692,0.9999819797066515,5
STR_Exer,640091214,STR_Exer_640091214,ZBT16_621_633,5.571859948295341,0.9964598731267698,5
STR_Exer,640091214,STR_Exer_640091214,FGFR1_761_773,5.793679985160528,0.9980221066815385,5
STR_Exer,640091214,STR_Exer_640091214,PGFRB_1014_1028,8.911702886089328,0.9998549231503213,5
STR_Exer,640091214,STR_Exer_640091214,ERBB2_1241_1253,8.26793500746089,0.9999787900655979,5
STR_Exer,640091214,STR_Exer_640091214,KSYK_518_530,6.539451476702075,0.9997013839987892,5
STR_Exer,640091214,STR_Exer_640091214,MK12_178_190,5.803461005953113,0.9965230426618229,5
STR_Exer,640091214,STR_Exer_640091214,TEC_512_524,8.189638103947171,0.9998592607817041,5
STR_Exer,640091214,STR_Exer_640091214,VGFR2_1168_1180,6.000425260147778,0.9993375914056153,5
STR_Exer,640091214,STR_Exer_640091214,ANXA1_14_26,9.158776384294988,0.9999520643692782,5
STR_Exer,640091214,STR_Exer_640091214,EGFR_1165_1177,6.580987349500741,0.9993698399679214,5
STR_Exer,640091214,STR_Exer_640091214,EPOR_419_431,8.425235700008031,0.9999819875968381,5
STR_Exer,640091214,STR_Exer_640091214,ERBB4_1277_1289,6.07055134653842,0.9975967121676372,5
STR_Exer,640091214,STR_Exer_640091214,FGFR2_762_774,7.7679345723239726,0.999976201159549,5
STR_Exer,640091214,STR_Exer_640091214,FGFR3_753_765,8.00996062229458,0.9999525016485935,5
STR_Exer,640091214,STR_Exer_640091214,AKT1_309_321_C310S,6.8506881061745535,0.9997792708000732,5
STR_Exer,640091214,STR_Exer_640091214,AKT1_320_332,7.691381409314386,0.9998577428306968,5
STR_Exer,640091214,STR_Exer_640091214,ARAF_297_307,7.885523716108805,0.9999020888912682,5
STR_Exer,640091214,STR_Exer_640091214,BTLA_252_262,7.838252534429652,0.999902811816789,5
STR_Exer,640091214,STR_Exer_640091214,CD28_185_197,4.816077995571342,0.9968601161859871,5
STR_Exer,640091214,STR_Exer_640091214,CD28_203_215,7.073181602583092,0.9999283280349868,5
STR_Exer,640091214,STR_Exer_640091214,CD3E_193_205,7.667479794300624,0.9999579262000572,5
STR_Exer,640091214,STR_Exer_640091214,CD3Z_135_147,7.94869780902532,0.9999008338725923,5
STR_Exer,640091214,STR_Exer_640091214,CD3Z_147_159,6.1857169734859045,0.9990511669116611,5
STR_Exer,640091214,STR_Exer_640091214,CD70_9_21_C17S,7.756273073968559,0.9998193210647699,5
STR_Exer,640091214,STR_Exer_640091214,CDK4_11_23,8.900240255058183,0.9999329156747646,5
STR_Exer,640091214,STR_Exer_640091214,GAB2_638_648,5.683590533448872,0.9980988148193982,5
STR_Exer,640091214,STR_Exer_640091214,GSK3B_210_222_C218S,7.0050948671227635,0.9996877705532,5
STR_Exer,640091214,STR_Exer_640091214,JAK3_974_986,8.535788882602693,0.9999901269723054,5
STR_Exer,640091214,STR_Exer_640091214,MAPK3_198_210_C203S,6.714504738768409,0.9984371318949945,5
STR_Exer,640091214,STR_Exer_640091214,MET_1228_1240,8.695720740512657,0.9999519139785302,5
STR_Exer,640091214,STR_Exer_640091214,MK03_199_208,6.326344685062565,0.9991018141024189,5
STR_Exer,640091214,STR_Exer_640091214,MK08_181_191,7.048718192510385,0.9998647373994695,5
STR_Exer,640091214,STR_Exer_640091214,MK12_180_189_M182B,5.179721349102328,0.9995289790302223,5
STR_Exer,640091214,STR_Exer_640091214,MK14_177_187,5.694669979329362,0.9990884259934499,5
STR_Exer,640091214,STR_Exer_640091214,PDCD1_221_229_FS219_220KK,7.60677183313066,0.999848715231741,5
STR_Exer,640091214,STR_Exer_640091214,PTN11_541_551,5.104178391475935,0.9992720438998722,5
STR_Exer,640091214,STR_Exer_640091214,SHC1_309_321,5.145523657952178,0.9979459085469939,5
STR_Exer,640091214,STR_Exer_640091214,STAT2_684_696,4.944504887408296,0.9961007535950035,5
STR_Exer,640091214,STR_Exer_640091214,TIE2_986_998,4.873850333844511,0.9974705085417837,5
STR_Exer,640091214,STR_Exer_640091214,TYK2_1048_1060,7.671357469945768,0.9999161014393049,5
STR_Exer,640091214,STR_Exer_640091214,VISTA_260_270,7.482142028677033,0.9999098690495505,5
STR_Exer,640091214,STR_Exer_640091214,YES_420_432,9.137039460579402,0.9998079601985469,5
STR_Exer,640091214,STR_Exer_640091214,CD3Z_77_89,7.930960440484678,0.9996117555593307,5
STR_Exer,640091214,STR_Exer_640091214,CD3Z_117_129,8.571430681233144,0.9999738116662262,5
STR_Exer,640091214,STR_Exer_640091214,GAB1_622_632,6.647933521855268,0.9984531504093417,5
STR_Exer,640091214,STR_Exer_640091214,IRS1_890_902,6.785560421415847,0.9466055982715594,5
STR_Exer,640091214,STR_Exer_640091214,PTN11_580_590,8.753059031049855,0.9999160693396408,5
